PassengerId,Survived,Age,SibSp,Parch,Fare,Embarked,male,C,Q,S,pclass_1,pclass_2,pclass_3
1,0.0,22.0,1,0,7.25,S,1.0,0,0,1.0,0,0,1.0
892,,34.5,0,0,7.8292,Q,1.0,0,0,1.0,0,0,1.0
2,1.0,38.0,1,0,71.2833,C,0,1.0,0,0,1.0,0,0
893,,47.0,1,0,7.0,S,0,1.0,0,0,1.0,0,0
3,1.0,26.0,0,0,7.925,S,0,0,0,1.0,0,0,1.0
894,,62.0,0,0,9.6875,Q,0,0,0,1.0,0,0,1.0
4,1.0,35.0,1,0,53.1,S,0,0,0,1.0,1.0,0,0
895,,27.0,0,0,8.6625,S,0,0,0,1.0,1.0,0,0
5,0.0,35.0,0,0,8.05,S,1.0,0,0,1.0,0,0,1.0
896,,22.0,1,1,12.2875,S,1.0,0,0,1.0,0,0,1.0
6,0.0,29.7,0,0,8.4583,Q,1.0,0,1.0,0,0,0,1.0
897,,14.0,0,0,9.225,S,1.0,0,1.0,0,0,0,1.0
7,0.0,54.0,0,0,51.8625,S,1.0,0,0,1.0,1.0,0,0
898,,30.0,0,0,7.6292,Q,1.0,0,0,1.0,1.0,0,0
8,0.0,2.0,3,1,21.075,S,1.0,0,0,1.0,0,0,1.0
899,,26.0,1,1,29.0,S,1.0,0,0,1.0,0,0,1.0
9,1.0,27.0,0,2,11.1333,S,0,0,0,1.0,0,0,1.0
900,,18.0,0,0,7.2292,C,0,0,0,1.0,0,0,1.0
10,1.0,14.0,1,0,30.0708,C,0,1.0,0,0,0,1.0,0
901,,21.0,2,0,24.15,S,0,1.0,0,0,0,1.0,0
11,1.0,4.0,1,1,16.7,S,0,0,0,1.0,0,0,1.0
902,,30.3,0,0,7.8958,S,0,0,0,1.0,0,0,1.0
12,1.0,58.0,0,0,26.55,S,0,0,0,1.0,1.0,0,0
903,,46.0,0,0,26.0,S,0,0,0,1.0,1.0,0,0
13,0.0,20.0,0,0,8.05,S,1.0,0,0,1.0,0,0,1.0
904,,23.0,1,0,82.2667,S,1.0,0,0,1.0,0,0,1.0
14,0.0,39.0,1,5,31.275,S,1.0,0,0,1.0,0,0,1.0
905,,63.0,1,0,26.0,S,1.0,0,0,1.0,0,0,1.0
15,0.0,14.0,0,0,7.8542,S,0,0,0,1.0,0,0,1.0
906,,47.0,1,0,61.175,S,0,0,0,1.0,0,0,1.0
16,1.0,55.0,0,0,16.0,S,0,0,0,1.0,0,1.0,0
907,,24.0,1,0,27.7208,C,0,0,0,1.0,0,1.0,0
17,0.0,2.0,4,1,29.125,Q,1.0,0,1.0,0,0,0,1.0
908,,35.0,0,0,12.35,Q,1.0,0,1.0,0,0,0,1.0
18,1.0,29.7,0,0,13.0,S,1.0,0,0,1.0,0,1.0,0
909,,21.0,0,0,7.225,C,1.0,0,0,1.0,0,1.0,0
19,0.0,31.0,1,0,18.0,S,0,0,0,1.0,0,0,1.0
910,,27.0,1,0,7.925,S,0,0,0,1.0,0,0,1.0
20,1.0,29.7,0,0,7.225,C,0,1.0,0,0,0,0,1.0
911,,45.0,0,0,7.225,C,0,1.0,0,0,0,0,1.0
21,0.0,35.0,0,0,26.0,S,1.0,0,0,1.0,0,1.0,0
912,,55.0,1,0,59.4,C,1.0,0,0,1.0,0,1.0,0
22,1.0,34.0,0,0,13.0,S,1.0,0,0,1.0,0,1.0,0
913,,9.0,0,1,3.1708,S,1.0,0,0,1.0,0,1.0,0
23,1.0,15.0,0,0,8.0292,Q,0,0,1.0,0,0,0,1.0
914,,30.3,0,0,31.6833,S,0,0,1.0,0,0,0,1.0
24,1.0,28.0,0,0,35.5,S,1.0,0,0,1.0,1.0,0,0
915,,21.0,0,1,61.3792,C,1.0,0,0,1.0,1.0,0,0
25,0.0,8.0,3,1,21.075,S,0,0,0,1.0,0,0,1.0
916,,48.0,1,3,262.375,C,0,0,0,1.0,0,0,1.0
26,1.0,38.0,1,5,31.3875,S,0,0,0,1.0,0,0,1.0
917,,50.0,1,0,14.5,S,0,0,0,1.0,0,0,1.0
27,0.0,29.7,0,0,7.225,C,1.0,1.0,0,0,0,0,1.0
918,,22.0,0,1,61.9792,C,1.0,1.0,0,0,0,0,1.0
28,0.0,19.0,3,2,263.0,S,1.0,0,0,1.0,1.0,0,0
919,,22.5,0,0,7.225,C,1.0,0,0,1.0,1.0,0,0
29,1.0,29.7,0,0,7.8792,Q,0,0,1.0,0,0,0,1.0
920,,41.0,0,0,30.5,S,0,0,1.0,0,0,0,1.0
30,0.0,29.7,0,0,7.8958,S,1.0,0,0,1.0,0,0,1.0
921,,30.3,2,0,21.6792,C,1.0,0,0,1.0,0,0,1.0
31,0.0,40.0,0,0,27.7208,C,1.0,1.0,0,0,1.0,0,0
922,,50.0,1,0,26.0,S,1.0,1.0,0,0,1.0,0,0
32,1.0,29.7,1,0,146.5208,C,0,1.0,0,0,1.0,0,0
923,,24.0,2,0,31.5,S,0,1.0,0,0,1.0,0,0
33,1.0,29.7,0,0,7.75,Q,0,0,1.0,0,0,0,1.0
924,,33.0,1,2,20.575,S,0,0,1.0,0,0,0,1.0
34,0.0,66.0,0,0,10.5,S,1.0,0,0,1.0,0,1.0,0
925,,30.3,1,2,23.45,S,1.0,0,0,1.0,0,1.0,0
35,0.0,28.0,1,0,82.1708,C,1.0,1.0,0,0,1.0,0,0
926,,30.0,1,0,57.75,C,1.0,1.0,0,0,1.0,0,0
36,0.0,42.0,1,0,52.0,S,1.0,0,0,1.0,1.0,0,0
927,,18.5,0,0,7.2292,C,1.0,0,0,1.0,1.0,0,0
37,1.0,29.7,0,0,7.2292,C,1.0,1.0,0,0,0,0,1.0
928,,30.3,0,0,8.05,S,1.0,1.0,0,0,0,0,1.0
38,0.0,21.0,0,0,8.05,S,1.0,0,0,1.0,0,0,1.0
929,,21.0,0,0,8.6625,S,1.0,0,0,1.0,0,0,1.0
39,0.0,18.0,2,0,18.0,S,0,0,0,1.0,0,0,1.0
930,,25.0,0,0,9.5,S,0,0,0,1.0,0,0,1.0
40,1.0,14.0,1,0,11.2417,C,0,1.0,0,0,0,0,1.0
931,,30.3,0,0,56.4958,S,0,1.0,0,0,0,0,1.0
41,0.0,40.0,1,0,9.475,S,0,0,0,1.0,0,0,1.0
932,,39.0,0,1,13.4167,C,0,0,0,1.0,0,0,1.0
42,0.0,27.0,1,0,21.0,S,0,0,0,1.0,0,1.0,0
933,,30.3,0,0,26.55,S,0,0,0,1.0,0,1.0,0
43,0.0,29.7,0,0,7.8958,C,1.0,1.0,0,0,0,0,1.0
934,,41.0,0,0,7.85,S,1.0,1.0,0,0,0,0,1.0
44,1.0,3.0,1,2,41.5792,C,0,1.0,0,0,0,1.0,0
935,,30.0,0,0,13.0,S,0,1.0,0,0,0,1.0,0
45,1.0,19.0,0,0,7.8792,Q,0,0,1.0,0,0,0,1.0
936,,45.0,1,0,52.5542,S,0,0,1.0,0,0,0,1.0
46,0.0,29.7,0,0,8.05,S,1.0,0,0,1.0,0,0,1.0
937,,25.0,0,0,7.925,S,1.0,0,0,1.0,0,0,1.0
47,0.0,29.7,1,0,15.5,Q,1.0,0,1.0,0,0,0,1.0
938,,45.0,0,0,29.7,C,1.0,0,1.0,0,0,0,1.0
48,1.0,29.7,0,0,7.75,Q,0,0,1.0,0,0,0,1.0
939,,30.3,0,0,7.75,Q,0,0,1.0,0,0,0,1.0
49,0.0,29.7,2,0,21.6792,C,1.0,1.0,0,0,0,0,1.0
940,,60.0,0,0,76.2917,C,1.0,1.0,0,0,0,0,1.0
50,0.0,18.0,1,0,17.8,S,0,0,0,1.0,0,0,1.0
941,,36.0,0,2,15.9,S,0,0,0,1.0,0,0,1.0
51,0.0,7.0,4,1,39.6875,S,1.0,0,0,1.0,0,0,1.0
942,,24.0,1,0,60.0,S,1.0,0,0,1.0,0,0,1.0
52,0.0,21.0,0,0,7.8,S,1.0,0,0,1.0,0,0,1.0
943,,27.0,0,0,15.0333,C,1.0,0,0,1.0,0,0,1.0
53,1.0,49.0,1,0,76.7292,C,0,1.0,0,0,1.0,0,0
944,,20.0,2,1,23.0,S,0,1.0,0,0,1.0,0,0
54,1.0,29.0,1,0,26.0,S,0,0,0,1.0,0,1.0,0
945,,28.0,3,2,263.0,S,0,0,0,1.0,0,1.0,0
55,0.0,65.0,0,1,61.9792,C,1.0,1.0,0,0,1.0,0,0
946,,30.3,0,0,15.5792,C,1.0,1.0,0,0,1.0,0,0
56,1.0,29.7,0,0,35.5,S,1.0,0,0,1.0,1.0,0,0
947,,10.0,4,1,29.125,Q,1.0,0,0,1.0,1.0,0,0
57,1.0,21.0,0,0,10.5,S,0,0,0,1.0,0,1.0,0
948,,35.0,0,0,7.8958,S,0,0,0,1.0,0,1.0,0
58,0.0,28.5,0,0,7.2292,C,1.0,1.0,0,0,0,0,1.0
949,,25.0,0,0,7.65,S,1.0,1.0,0,0,0,0,1.0
59,1.0,5.0,1,2,27.75,S,0,0,0,1.0,0,1.0,0
950,,30.3,1,0,16.1,S,0,0,0,1.0,0,1.0,0
60,0.0,11.0,5,2,46.9,S,1.0,0,0,1.0,0,0,1.0
951,,36.0,0,0,262.375,C,1.0,0,0,1.0,0,0,1.0
61,0.0,22.0,0,0,7.2292,C,1.0,1.0,0,0,0,0,1.0
952,,17.0,0,0,7.8958,S,1.0,1.0,0,0,0,0,1.0
62,1.0,38.0,0,0,80.0,S,0,0,0,1.0,1.0,0,0
953,,32.0,0,0,13.5,S,0,0,0,1.0,1.0,0,0
63,0.0,45.0,1,0,83.475,S,1.0,0,0,1.0,1.0,0,0
954,,18.0,0,0,7.75,S,1.0,0,0,1.0,1.0,0,0
64,0.0,4.0,3,2,27.9,S,1.0,0,0,1.0,0,0,1.0
955,,22.0,0,0,7.725,Q,1.0,0,0,1.0,0,0,1.0
65,0.0,29.7,0,0,27.7208,C,1.0,1.0,0,0,1.0,0,0
956,,13.0,2,2,262.375,C,1.0,1.0,0,0,1.0,0,0
66,1.0,29.7,1,1,15.2458,C,1.0,1.0,0,0,0,0,1.0
957,,30.3,0,0,21.0,S,1.0,1.0,0,0,0,0,1.0
67,1.0,29.0,0,0,10.5,S,0,0,0,1.0,0,1.0,0
958,,18.0,0,0,7.8792,Q,0,0,0,1.0,0,1.0,0
68,0.0,19.0,0,0,8.1583,S,1.0,0,0,1.0,0,0,1.0
959,,47.0,0,0,42.4,S,1.0,0,0,1.0,0,0,1.0
69,1.0,17.0,4,2,7.925,S,0,0,0,1.0,0,0,1.0
960,,31.0,0,0,28.5375,C,0,0,0,1.0,0,0,1.0
70,0.0,26.0,2,0,8.6625,S,1.0,0,0,1.0,0,0,1.0
961,,60.0,1,4,263.0,S,1.0,0,0,1.0,0,0,1.0
71,0.0,32.0,0,0,10.5,S,1.0,0,0,1.0,0,1.0,0
962,,24.0,0,0,7.75,Q,1.0,0,0,1.0,0,1.0,0
72,0.0,16.0,5,2,46.9,S,0,0,0,1.0,0,0,1.0
963,,21.0,0,0,7.8958,S,0,0,0,1.0,0,0,1.0
73,0.0,21.0,0,0,73.5,S,1.0,0,0,1.0,0,1.0,0
964,,29.0,0,0,7.925,S,1.0,0,0,1.0,0,1.0,0
74,0.0,26.0,1,0,14.4542,C,1.0,1.0,0,0,0,0,1.0
965,,28.5,0,0,27.7208,C,1.0,1.0,0,0,0,0,1.0
75,1.0,32.0,0,0,56.4958,S,1.0,0,0,1.0,0,0,1.0
966,,35.0,0,0,211.5,C,1.0,0,0,1.0,0,0,1.0
76,0.0,25.0,0,0,7.65,S,1.0,0,0,1.0,0,0,1.0
967,,32.5,0,0,211.5,C,1.0,0,0,1.0,0,0,1.0
77,0.0,29.7,0,0,7.8958,S,1.0,0,0,1.0,0,0,1.0
968,,30.3,0,0,8.05,S,1.0,0,0,1.0,0,0,1.0
78,0.0,29.7,0,0,8.05,S,1.0,0,0,1.0,0,0,1.0
969,,55.0,2,0,25.7,S,1.0,0,0,1.0,0,0,1.0
79,1.0,0.83,0,2,29.0,S,1.0,0,0,1.0,0,1.0,0
970,,30.0,0,0,13.0,S,1.0,0,0,1.0,0,1.0,0
80,1.0,30.0,0,0,12.475,S,0,0,0,1.0,0,0,1.0
971,,24.0,0,0,7.75,Q,0,0,0,1.0,0,0,1.0
81,0.0,22.0,0,0,9.0,S,1.0,0,0,1.0,0,0,1.0
972,,6.0,1,1,15.2458,C,1.0,0,0,1.0,0,0,1.0
82,1.0,29.0,0,0,9.5,S,1.0,0,0,1.0,0,0,1.0
973,,67.0,1,0,221.7792,S,1.0,0,0,1.0,0,0,1.0
83,1.0,29.7,0,0,7.7875,Q,0,0,1.0,0,0,0,1.0
974,,49.0,0,0,26.0,S,0,0,1.0,0,0,0,1.0
84,0.0,28.0,0,0,47.1,S,1.0,0,0,1.0,1.0,0,0
975,,30.3,0,0,7.8958,S,1.0,0,0,1.0,1.0,0,0
85,1.0,17.0,0,0,10.5,S,0,0,0,1.0,0,1.0,0
976,,30.3,0,0,10.7083,Q,0,0,0,1.0,0,1.0,0
86,1.0,33.0,3,0,15.85,S,0,0,0,1.0,0,0,1.0
977,,30.3,1,0,14.4542,C,0,0,0,1.0,0,0,1.0
87,0.0,16.0,1,3,34.375,S,1.0,0,0,1.0,0,0,1.0
978,,27.0,0,0,7.8792,Q,1.0,0,0,1.0,0,0,1.0
88,0.0,29.7,0,0,8.05,S,1.0,0,0,1.0,0,0,1.0
979,,18.0,0,0,8.05,S,1.0,0,0,1.0,0,0,1.0
89,1.0,23.0,3,2,263.0,S,0,0,0,1.0,1.0,0,0
980,,30.3,0,0,7.75,Q,0,0,0,1.0,1.0,0,0
90,0.0,24.0,0,0,8.05,S,1.0,0,0,1.0,0,0,1.0
981,,2.0,1,1,23.0,S,1.0,0,0,1.0,0,0,1.0
91,0.0,29.0,0,0,8.05,S,1.0,0,0,1.0,0,0,1.0
982,,22.0,1,0,13.9,S,1.0,0,0,1.0,0,0,1.0
92,0.0,20.0,0,0,7.8542,S,1.0,0,0,1.0,0,0,1.0
983,,30.3,0,0,7.775,S,1.0,0,0,1.0,0,0,1.0
93,0.0,46.0,1,0,61.175,S,1.0,0,0,1.0,1.0,0,0
984,,27.0,1,2,52.0,S,1.0,0,0,1.0,1.0,0,0
94,0.0,26.0,1,2,20.575,S,1.0,0,0,1.0,0,0,1.0
985,,30.3,0,0,8.05,S,1.0,0,0,1.0,0,0,1.0
95,0.0,59.0,0,0,7.25,S,1.0,0,0,1.0,0,0,1.0
986,,25.0,0,0,26.0,C,1.0,0,0,1.0,0,0,1.0
96,0.0,29.7,0,0,8.05,S,1.0,0,0,1.0,0,0,1.0
987,,25.0,0,0,7.7958,S,1.0,0,0,1.0,0,0,1.0
97,0.0,71.0,0,0,34.6542,C,1.0,1.0,0,0,1.0,0,0
988,,76.0,1,0,78.85,S,1.0,1.0,0,0,1.0,0,0
98,1.0,23.0,0,1,63.3583,C,1.0,1.0,0,0,1.0,0,0
989,,29.0,0,0,7.925,S,1.0,1.0,0,0,1.0,0,0
99,1.0,34.0,0,1,23.0,S,0,0,0,1.0,0,1.0,0
990,,20.0,0,0,7.8542,S,0,0,0,1.0,0,1.0,0
100,0.0,34.0,1,0,26.0,S,1.0,0,0,1.0,0,1.0,0
991,,33.0,0,0,8.05,S,1.0,0,0,1.0,0,1.0,0
101,0.0,28.0,0,0,7.8958,S,0,0,0,1.0,0,0,1.0
992,,43.0,1,0,55.4417,C,0,0,0,1.0,0,0,1.0
102,0.0,29.7,0,0,7.8958,S,1.0,0,0,1.0,0,0,1.0
993,,27.0,1,0,26.0,S,1.0,0,0,1.0,0,0,1.0
103,0.0,21.0,0,1,77.2875,S,1.0,0,0,1.0,1.0,0,0
994,,30.3,0,0,7.75,Q,1.0,0,0,1.0,1.0,0,0
104,0.0,33.0,0,0,8.6542,S,1.0,0,0,1.0,0,0,1.0
995,,26.0,0,0,7.775,S,1.0,0,0,1.0,0,0,1.0
105,0.0,37.0,2,0,7.925,S,1.0,0,0,1.0,0,0,1.0
996,,16.0,1,1,8.5167,C,1.0,0,0,1.0,0,0,1.0
106,0.0,28.0,0,0,7.8958,S,1.0,0,0,1.0,0,0,1.0
997,,28.0,0,0,22.525,S,1.0,0,0,1.0,0,0,1.0
107,1.0,21.0,0,0,7.65,S,0,0,0,1.0,0,0,1.0
998,,21.0,0,0,7.8208,Q,0,0,0,1.0,0,0,1.0
108,1.0,29.7,0,0,7.775,S,1.0,0,0,1.0,0,0,1.0
999,,30.3,0,0,7.75,Q,1.0,0,0,1.0,0,0,1.0
109,0.0,38.0,0,0,7.8958,S,1.0,0,0,1.0,0,0,1.0
1000,,30.3,0,0,8.7125,S,1.0,0,0,1.0,0,0,1.0
110,1.0,29.7,1,0,24.15,Q,0,0,1.0,0,0,0,1.0
1001,,18.5,0,0,13.0,S,0,0,1.0,0,0,0,1.0
111,0.0,47.0,0,0,52.0,S,1.0,0,0,1.0,1.0,0,0
1002,,41.0,0,0,15.0458,C,1.0,0,0,1.0,1.0,0,0
112,0.0,14.5,1,0,14.4542,C,0,1.0,0,0,0,0,1.0
1003,,30.3,0,0,7.7792,Q,0,1.0,0,0,0,0,1.0
113,0.0,22.0,0,0,8.05,S,1.0,0,0,1.0,0,0,1.0
1004,,36.0,0,0,31.6792,C,1.0,0,0,1.0,0,0,1.0
114,0.0,20.0,1,0,9.825,S,0,0,0,1.0,0,0,1.0
1005,,18.5,0,0,7.2833,Q,0,0,0,1.0,0,0,1.0
115,0.0,17.0,0,0,14.4583,C,0,1.0,0,0,0,0,1.0
1006,,63.0,1,0,221.7792,S,0,1.0,0,0,0,0,1.0
116,0.0,21.0,0,0,7.925,S,1.0,0,0,1.0,0,0,1.0
1007,,18.0,1,0,14.4542,C,1.0,0,0,1.0,0,0,1.0
117,0.0,70.5,0,0,7.75,Q,1.0,0,1.0,0,0,0,1.0
1008,,30.3,0,0,6.4375,C,1.0,0,1.0,0,0,0,1.0
118,0.0,29.0,1,0,21.0,S,1.0,0,0,1.0,0,1.0,0
1009,,1.0,1,1,16.7,S,1.0,0,0,1.0,0,1.0,0
119,0.0,24.0,0,1,247.5208,C,1.0,1.0,0,0,1.0,0,0
1010,,36.0,0,0,75.2417,C,1.0,1.0,0,0,1.0,0,0
120,0.0,2.0,4,2,31.275,S,0,0,0,1.0,0,0,1.0
1011,,29.0,1,0,26.0,S,0,0,0,1.0,0,0,1.0
121,0.0,21.0,2,0,73.5,S,1.0,0,0,1.0,0,1.0,0
1012,,12.0,0,0,15.75,S,1.0,0,0,1.0,0,1.0,0
122,0.0,29.7,0,0,8.05,S,1.0,0,0,1.0,0,0,1.0
1013,,30.3,1,0,7.75,Q,1.0,0,0,1.0,0,0,1.0
123,0.0,32.5,1,0,30.0708,C,1.0,1.0,0,0,0,1.0,0
1014,,35.0,1,0,57.75,C,1.0,1.0,0,0,0,1.0,0
124,1.0,32.5,0,0,13.0,S,0,0,0,1.0,0,1.0,0
1015,,28.0,0,0,7.25,S,0,0,0,1.0,0,1.0,0
125,0.0,54.0,0,1,77.2875,S,1.0,0,0,1.0,1.0,0,0
1016,,30.3,0,0,7.75,Q,1.0,0,0,1.0,1.0,0,0
126,1.0,12.0,1,0,11.2417,C,1.0,1.0,0,0,0,0,1.0
1017,,17.0,0,1,16.1,S,1.0,1.0,0,0,0,0,1.0
127,0.0,29.7,0,0,7.75,Q,1.0,0,1.0,0,0,0,1.0
1018,,22.0,0,0,7.7958,S,1.0,0,1.0,0,0,0,1.0
128,1.0,24.0,0,0,7.1417,S,1.0,0,0,1.0,0,0,1.0
1019,,30.3,2,0,23.25,Q,1.0,0,0,1.0,0,0,1.0
129,1.0,29.7,1,1,22.3583,C,0,1.0,0,0,0,0,1.0
1020,,42.0,0,0,13.0,S,0,1.0,0,0,0,0,1.0
130,0.0,45.0,0,0,6.975,S,1.0,0,0,1.0,0,0,1.0
1021,,24.0,0,0,8.05,S,1.0,0,0,1.0,0,0,1.0
131,0.0,33.0,0,0,7.8958,C,1.0,1.0,0,0,0,0,1.0
1022,,32.0,0,0,8.05,S,1.0,1.0,0,0,0,0,1.0
132,0.0,20.0,0,0,7.05,S,1.0,0,0,1.0,0,0,1.0
1023,,53.0,0,0,28.5,C,1.0,0,0,1.0,0,0,1.0
133,0.0,47.0,1,0,14.5,S,0,0,0,1.0,0,0,1.0
1024,,30.3,0,4,25.4667,S,0,0,0,1.0,0,0,1.0
134,1.0,29.0,1,0,26.0,S,0,0,0,1.0,0,1.0,0
1025,,30.3,1,0,6.4375,C,0,0,0,1.0,0,1.0,0
135,0.0,25.0,0,0,13.0,S,1.0,0,0,1.0,0,1.0,0
1026,,43.0,0,0,7.8958,S,1.0,0,0,1.0,0,1.0,0
136,0.0,23.0,0,0,15.0458,C,1.0,1.0,0,0,0,1.0,0
1027,,24.0,0,0,7.8542,S,1.0,1.0,0,0,0,1.0,0
137,1.0,19.0,0,2,26.2833,S,0,0,0,1.0,1.0,0,0
1028,,26.5,0,0,7.225,C,0,0,0,1.0,1.0,0,0
138,0.0,37.0,1,0,53.1,S,1.0,0,0,1.0,1.0,0,0
1029,,26.0,0,0,13.0,S,1.0,0,0,1.0,1.0,0,0
139,0.0,16.0,0,0,9.2167,S,1.0,0,0,1.0,0,0,1.0
1030,,23.0,0,0,8.05,S,1.0,0,0,1.0,0,0,1.0
140,0.0,24.0,0,0,79.2,C,1.0,1.0,0,0,1.0,0,0
1031,,40.0,1,6,46.9,S,1.0,1.0,0,0,1.0,0,0
141,0.0,29.7,0,2,15.2458,C,0,1.0,0,0,0,0,1.0
1032,,10.0,5,2,46.9,S,0,1.0,0,0,0,0,1.0
142,1.0,22.0,0,0,7.75,S,0,0,0,1.0,0,0,1.0
1033,,33.0,0,0,151.55,S,0,0,0,1.0,0,0,1.0
143,1.0,24.0,1,0,15.85,S,0,0,0,1.0,0,0,1.0
1034,,61.0,1,3,262.375,C,0,0,0,1.0,0,0,1.0
144,0.0,19.0,0,0,6.75,Q,1.0,0,1.0,0,0,0,1.0
1035,,28.0,0,0,26.0,S,1.0,0,1.0,0,0,0,1.0
145,0.0,18.0,0,0,11.5,S,1.0,0,0,1.0,0,1.0,0
1036,,42.0,0,0,26.55,S,1.0,0,0,1.0,0,1.0,0
146,0.0,19.0,1,1,36.75,S,1.0,0,0,1.0,0,1.0,0
1037,,31.0,3,0,18.0,S,1.0,0,0,1.0,0,1.0,0
147,1.0,27.0,0,0,7.7958,S,1.0,0,0,1.0,0,0,1.0
1038,,30.3,0,0,51.8625,S,1.0,0,0,1.0,0,0,1.0
148,0.0,9.0,2,2,34.375,S,0,0,0,1.0,0,0,1.0
1039,,22.0,0,0,8.05,S,0,0,0,1.0,0,0,1.0
149,0.0,36.5,0,2,26.0,S,1.0,0,0,1.0,0,1.0,0
1040,,30.3,0,0,26.55,S,1.0,0,0,1.0,0,1.0,0
150,0.0,42.0,0,0,13.0,S,1.0,0,0,1.0,0,1.0,0
1041,,30.0,1,1,26.0,S,1.0,0,0,1.0,0,1.0,0
151,0.0,51.0,0,0,12.525,S,1.0,0,0,1.0,0,1.0,0
1042,,23.0,0,1,83.1583,C,1.0,0,0,1.0,0,1.0,0
152,1.0,22.0,1,0,66.6,S,0,0,0,1.0,1.0,0,0
1043,,30.3,0,0,7.8958,C,0,0,0,1.0,1.0,0,0
153,0.0,55.5,0,0,8.05,S,1.0,0,0,1.0,0,0,1.0
1044,,60.5,0,0,35.6,S,1.0,0,0,1.0,0,0,1.0
154,0.0,40.5,0,2,14.5,S,1.0,0,0,1.0,0,0,1.0
1045,,36.0,0,2,12.1833,S,1.0,0,0,1.0,0,0,1.0
155,0.0,29.7,0,0,7.3125,S,1.0,0,0,1.0,0,0,1.0
1046,,13.0,4,2,31.3875,S,1.0,0,0,1.0,0,0,1.0
156,0.0,51.0,0,1,61.3792,C,1.0,1.0,0,0,1.0,0,0
1047,,24.0,0,0,7.55,S,1.0,1.0,0,0,1.0,0,0
157,1.0,16.0,0,0,7.7333,Q,0,0,1.0,0,0,0,1.0
1048,,29.0,0,0,221.7792,S,0,0,1.0,0,0,0,1.0
158,0.0,30.0,0,0,8.05,S,1.0,0,0,1.0,0,0,1.0
1049,,23.0,0,0,7.8542,S,1.0,0,0,1.0,0,0,1.0
159,0.0,29.7,0,0,8.6625,S,1.0,0,0,1.0,0,0,1.0
1050,,42.0,0,0,26.55,S,1.0,0,0,1.0,0,0,1.0
160,0.0,29.7,8,2,69.55,S,1.0,0,0,1.0,0,0,1.0
1051,,26.0,0,2,13.775,S,1.0,0,0,1.0,0,0,1.0
161,0.0,44.0,0,1,16.1,S,1.0,0,0,1.0,0,0,1.0
1052,,30.3,0,0,7.7333,Q,1.0,0,0,1.0,0,0,1.0
162,1.0,40.0,0,0,15.75,S,0,0,0,1.0,0,1.0,0
1053,,7.0,1,1,15.2458,C,0,0,0,1.0,0,1.0,0
163,0.0,26.0,0,0,7.775,S,1.0,0,0,1.0,0,0,1.0
1054,,26.0,0,0,13.5,S,1.0,0,0,1.0,0,0,1.0
164,0.0,17.0,0,0,8.6625,S,1.0,0,0,1.0,0,0,1.0
1055,,30.3,0,0,7.0,S,1.0,0,0,1.0,0,0,1.0
165,0.0,1.0,4,1,39.6875,S,1.0,0,0,1.0,0,0,1.0
1056,,41.0,0,0,13.0,S,1.0,0,0,1.0,0,0,1.0
166,1.0,9.0,0,2,20.525,S,1.0,0,0,1.0,0,0,1.0
1057,,26.0,1,1,22.025,S,1.0,0,0,1.0,0,0,1.0
167,1.0,29.7,0,1,55.0,S,0,0,0,1.0,1.0,0,0
1058,,48.0,0,0,50.4958,C,0,0,0,1.0,1.0,0,0
168,0.0,45.0,1,4,27.9,S,0,0,0,1.0,0,0,1.0
1059,,18.0,2,2,34.375,S,0,0,0,1.0,0,0,1.0
169,0.0,29.7,0,0,25.925,S,1.0,0,0,1.0,1.0,0,0
1060,,30.3,0,0,27.7208,C,1.0,0,0,1.0,1.0,0,0
170,0.0,28.0,0,0,56.4958,S,1.0,0,0,1.0,0,0,1.0
1061,,22.0,0,0,8.9625,S,1.0,0,0,1.0,0,0,1.0
171,0.0,61.0,0,0,33.5,S,1.0,0,0,1.0,1.0,0,0
1062,,30.3,0,0,7.55,S,1.0,0,0,1.0,1.0,0,0
172,0.0,4.0,4,1,29.125,Q,1.0,0,1.0,0,0,0,1.0
1063,,27.0,0,0,7.225,C,1.0,0,1.0,0,0,0,1.0
173,1.0,1.0,1,1,11.1333,S,0,0,0,1.0,0,0,1.0
1064,,23.0,1,0,13.9,S,0,0,0,1.0,0,0,1.0
174,0.0,21.0,0,0,7.925,S,1.0,0,0,1.0,0,0,1.0
1065,,30.3,0,0,7.2292,C,1.0,0,0,1.0,0,0,1.0
175,0.0,56.0,0,0,30.6958,C,1.0,1.0,0,0,1.0,0,0
1066,,40.0,1,5,31.3875,S,1.0,1.0,0,0,1.0,0,0
176,0.0,18.0,1,1,7.8542,S,1.0,0,0,1.0,0,0,1.0
1067,,15.0,0,2,39.0,S,1.0,0,0,1.0,0,0,1.0
177,0.0,29.7,3,1,25.4667,S,1.0,0,0,1.0,0,0,1.0
1068,,20.0,0,0,36.75,S,1.0,0,0,1.0,0,0,1.0
178,0.0,50.0,0,0,28.7125,C,0,1.0,0,0,1.0,0,0
1069,,54.0,1,0,55.4417,C,0,1.0,0,0,1.0,0,0
179,0.0,30.0,0,0,13.0,S,1.0,0,0,1.0,0,1.0,0
1070,,36.0,0,3,39.0,S,1.0,0,0,1.0,0,1.0,0
180,0.0,36.0,0,0,0.0,S,1.0,0,0,1.0,0,0,1.0
1071,,64.0,0,2,83.1583,C,1.0,0,0,1.0,0,0,1.0
181,0.0,29.7,8,2,69.55,S,0,0,0,1.0,0,0,1.0
1072,,30.0,0,0,13.0,S,0,0,0,1.0,0,0,1.0
182,0.0,29.7,0,0,15.05,C,1.0,1.0,0,0,0,1.0,0
1073,,37.0,1,1,83.1583,C,1.0,1.0,0,0,0,1.0,0
183,0.0,9.0,4,2,31.3875,S,1.0,0,0,1.0,0,0,1.0
1074,,18.0,1,0,53.1,S,1.0,0,0,1.0,0,0,1.0
184,1.0,1.0,2,1,39.0,S,1.0,0,0,1.0,0,1.0,0
1075,,30.3,0,0,7.75,Q,1.0,0,0,1.0,0,1.0,0
185,1.0,4.0,0,2,22.025,S,0,0,0,1.0,0,0,1.0
1076,,27.0,1,1,247.5208,C,0,0,0,1.0,0,0,1.0
186,0.0,29.7,0,0,50.0,S,1.0,0,0,1.0,1.0,0,0
1077,,40.0,0,0,16.0,S,1.0,0,0,1.0,1.0,0,0
187,1.0,29.7,1,0,15.5,Q,0,0,1.0,0,0,0,1.0
1078,,21.0,0,1,21.0,S,0,0,1.0,0,0,0,1.0
188,1.0,45.0,0,0,26.55,S,1.0,0,0,1.0,1.0,0,0
1079,,17.0,2,0,8.05,S,1.0,0,0,1.0,1.0,0,0
189,0.0,40.0,1,1,15.5,Q,1.0,0,1.0,0,0,0,1.0
1080,,30.3,8,2,69.55,S,1.0,0,1.0,0,0,0,1.0
190,0.0,36.0,0,0,7.8958,S,1.0,0,0,1.0,0,0,1.0
1081,,40.0,0,0,13.0,S,1.0,0,0,1.0,0,0,1.0
191,1.0,32.0,0,0,13.0,S,0,0,0,1.0,0,1.0,0
1082,,34.0,1,0,26.0,S,0,0,0,1.0,0,1.0,0
192,0.0,19.0,0,0,13.0,S,1.0,0,0,1.0,0,1.0,0
1083,,30.3,0,0,26.0,S,1.0,0,0,1.0,0,1.0,0
193,1.0,19.0,1,0,7.8542,S,0,0,0,1.0,0,0,1.0
1084,,11.5,1,1,14.5,S,0,0,0,1.0,0,0,1.0
194,1.0,3.0,1,1,26.0,S,1.0,0,0,1.0,0,1.0,0
1085,,61.0,0,0,12.35,Q,1.0,0,0,1.0,0,1.0,0
195,1.0,44.0,0,0,27.7208,C,0,1.0,0,0,1.0,0,0
1086,,8.0,0,2,32.5,S,0,1.0,0,0,1.0,0,0
196,1.0,58.0,0,0,146.5208,C,0,1.0,0,0,1.0,0,0
1087,,33.0,0,0,7.8542,S,0,1.0,0,0,1.0,0,0
197,0.0,29.7,0,0,7.75,Q,1.0,0,1.0,0,0,0,1.0
1088,,6.0,0,2,134.5,C,1.0,0,1.0,0,0,0,1.0
198,0.0,42.0,0,1,8.4042,S,1.0,0,0,1.0,0,0,1.0
1089,,18.0,0,0,7.775,S,1.0,0,0,1.0,0,0,1.0
199,1.0,29.7,0,0,7.75,Q,0,0,1.0,0,0,0,1.0
1090,,23.0,0,0,10.5,S,0,0,1.0,0,0,0,1.0
200,0.0,24.0,0,0,13.0,S,0,0,0,1.0,0,1.0,0
1091,,30.3,0,0,8.1125,S,0,0,0,1.0,0,1.0,0
201,0.0,28.0,0,0,9.5,S,1.0,0,0,1.0,0,0,1.0
1092,,30.3,0,0,15.5,Q,1.0,0,0,1.0,0,0,1.0
202,0.0,29.7,8,2,69.55,S,1.0,0,0,1.0,0,0,1.0
1093,,0.33,0,2,14.4,S,1.0,0,0,1.0,0,0,1.0
203,0.0,34.0,0,0,6.4958,S,1.0,0,0,1.0,0,0,1.0
1094,,47.0,1,0,227.525,C,1.0,0,0,1.0,0,0,1.0
204,0.0,45.5,0,0,7.225,C,1.0,1.0,0,0,0,0,1.0
1095,,8.0,1,1,26.0,S,1.0,1.0,0,0,0,0,1.0
205,1.0,18.0,0,0,8.05,S,1.0,0,0,1.0,0,0,1.0
1096,,25.0,0,0,10.5,S,1.0,0,0,1.0,0,0,1.0
206,0.0,2.0,0,1,10.4625,S,0,0,0,1.0,0,0,1.0
1097,,30.3,0,0,25.7417,C,0,0,0,1.0,0,0,1.0
207,0.0,32.0,1,0,15.85,S,1.0,0,0,1.0,0,0,1.0
1098,,35.0,0,0,7.75,Q,1.0,0,0,1.0,0,0,1.0
208,1.0,26.0,0,0,18.7875,C,1.0,1.0,0,0,0,0,1.0
1099,,24.0,0,0,10.5,S,1.0,1.0,0,0,0,0,1.0
209,1.0,16.0,0,0,7.75,Q,0,0,1.0,0,0,0,1.0
1100,,33.0,0,0,27.7208,C,0,0,1.0,0,0,0,1.0
210,1.0,40.0,0,0,31.0,C,1.0,1.0,0,0,1.0,0,0
1101,,25.0,0,0,7.8958,S,1.0,1.0,0,0,1.0,0,0
211,0.0,24.0,0,0,7.05,S,1.0,0,0,1.0,0,0,1.0
1102,,32.0,0,0,22.525,S,1.0,0,0,1.0,0,0,1.0
212,1.0,35.0,0,0,21.0,S,0,0,0,1.0,0,1.0,0
1103,,30.3,0,0,7.05,S,0,0,0,1.0,0,1.0,0
213,0.0,22.0,0,0,7.25,S,1.0,0,0,1.0,0,0,1.0
1104,,17.0,0,0,73.5,S,1.0,0,0,1.0,0,0,1.0
214,0.0,30.0,0,0,13.0,S,1.0,0,0,1.0,0,1.0,0
1105,,60.0,1,0,26.0,S,1.0,0,0,1.0,0,1.0,0
215,0.0,29.7,1,0,7.75,Q,1.0,0,1.0,0,0,0,1.0
1106,,38.0,4,2,7.775,S,1.0,0,1.0,0,0,0,1.0
216,1.0,31.0,1,0,113.275,C,0,1.0,0,0,1.0,0,0
1107,,42.0,0,0,42.5,S,0,1.0,0,0,1.0,0,0
217,1.0,27.0,0,0,7.925,S,0,0,0,1.0,0,0,1.0
1108,,30.3,0,0,7.8792,Q,0,0,0,1.0,0,0,1.0
218,0.0,42.0,1,0,27.0,S,1.0,0,0,1.0,0,1.0,0
1109,,57.0,1,1,164.8667,S,1.0,0,0,1.0,0,1.0,0
219,1.0,32.0,0,0,76.2917,C,0,1.0,0,0,1.0,0,0
1110,,50.0,1,1,211.5,C,0,1.0,0,0,1.0,0,0
220,0.0,30.0,0,0,10.5,S,1.0,0,0,1.0,0,1.0,0
1111,,30.3,0,0,8.05,S,1.0,0,0,1.0,0,1.0,0
221,1.0,16.0,0,0,8.05,S,1.0,0,0,1.0,0,0,1.0
1112,,30.0,1,0,13.8583,C,1.0,0,0,1.0,0,0,1.0
222,0.0,27.0,0,0,13.0,S,1.0,0,0,1.0,0,1.0,0
1113,,21.0,0,0,8.05,S,1.0,0,0,1.0,0,1.0,0
223,0.0,51.0,0,0,8.05,S,1.0,0,0,1.0,0,0,1.0
1114,,22.0,0,0,10.5,S,1.0,0,0,1.0,0,0,1.0
224,0.0,29.7,0,0,7.8958,S,1.0,0,0,1.0,0,0,1.0
1115,,21.0,0,0,7.7958,S,1.0,0,0,1.0,0,0,1.0
225,1.0,38.0,1,0,90.0,S,1.0,0,0,1.0,1.0,0,0
1116,,53.0,0,0,27.4458,C,1.0,0,0,1.0,1.0,0,0
226,0.0,22.0,0,0,9.35,S,1.0,0,0,1.0,0,0,1.0
1117,,30.3,0,2,15.2458,C,1.0,0,0,1.0,0,0,1.0
227,1.0,19.0,0,0,10.5,S,1.0,0,0,1.0,0,1.0,0
1118,,23.0,0,0,7.7958,S,1.0,0,0,1.0,0,1.0,0
228,0.0,20.5,0,0,7.25,S,1.0,0,0,1.0,0,0,1.0
1119,,30.3,0,0,7.75,Q,1.0,0,0,1.0,0,0,1.0
229,0.0,18.0,0,0,13.0,S,1.0,0,0,1.0,0,1.0,0
1120,,40.5,0,0,15.1,S,1.0,0,0,1.0,0,1.0,0
230,0.0,29.7,3,1,25.4667,S,0,0,0,1.0,0,0,1.0
1121,,36.0,0,0,13.0,S,0,0,0,1.0,0,0,1.0
231,1.0,35.0,1,0,83.475,S,0,0,0,1.0,1.0,0,0
1122,,14.0,0,0,65.0,S,0,0,0,1.0,1.0,0,0
232,0.0,29.0,0,0,7.775,S,1.0,0,0,1.0,0,0,1.0
1123,,21.0,0,0,26.55,S,1.0,0,0,1.0,0,0,1.0
233,0.0,59.0,0,0,13.5,S,1.0,0,0,1.0,0,1.0,0
1124,,21.0,1,0,6.4958,S,1.0,0,0,1.0,0,1.0,0
234,1.0,5.0,4,2,31.3875,S,0,0,0,1.0,0,0,1.0
1125,,30.3,0,0,7.8792,Q,0,0,0,1.0,0,0,1.0
235,0.0,24.0,0,0,10.5,S,1.0,0,0,1.0,0,1.0,0
1126,,39.0,1,0,71.2833,C,1.0,0,0,1.0,0,1.0,0
236,0.0,29.7,0,0,7.55,S,0,0,0,1.0,0,0,1.0
1127,,20.0,0,0,7.8542,S,0,0,0,1.0,0,0,1.0
237,0.0,44.0,1,0,26.0,S,1.0,0,0,1.0,0,1.0,0
1128,,64.0,1,0,75.25,C,1.0,0,0,1.0,0,1.0,0
238,1.0,8.0,0,2,26.25,S,0,0,0,1.0,0,1.0,0
1129,,20.0,0,0,7.225,C,0,0,0,1.0,0,1.0,0
239,0.0,19.0,0,0,10.5,S,1.0,0,0,1.0,0,1.0,0
1130,,18.0,1,1,13.0,S,1.0,0,0,1.0,0,1.0,0
240,0.0,33.0,0,0,12.275,S,1.0,0,0,1.0,0,1.0,0
1131,,48.0,1,0,106.425,C,1.0,0,0,1.0,0,1.0,0
241,0.0,29.7,1,0,14.4542,C,0,1.0,0,0,0,0,1.0
1132,,55.0,0,0,27.7208,C,0,1.0,0,0,0,0,1.0
242,1.0,29.7,1,0,15.5,Q,0,0,1.0,0,0,0,1.0
1133,,45.0,0,2,30.0,S,0,0,1.0,0,0,0,1.0
243,0.0,29.0,0,0,10.5,S,1.0,0,0,1.0,0,1.0,0
1134,,45.0,1,1,134.5,C,1.0,0,0,1.0,0,1.0,0
244,0.0,22.0,0,0,7.125,S,1.0,0,0,1.0,0,0,1.0
1135,,30.3,0,0,7.8875,S,1.0,0,0,1.0,0,0,1.0
245,0.0,30.0,0,0,7.225,C,1.0,1.0,0,0,0,0,1.0
1136,,30.3,1,2,23.45,S,1.0,1.0,0,0,0,0,1.0
246,0.0,44.0,2,0,90.0,Q,1.0,0,1.0,0,1.0,0,0
1137,,41.0,1,0,51.8625,S,1.0,0,1.0,0,1.0,0,0
247,0.0,25.0,0,0,7.775,S,0,0,0,1.0,0,0,1.0
1138,,22.0,0,0,21.0,S,0,0,0,1.0,0,0,1.0
248,1.0,24.0,0,2,14.5,S,0,0,0,1.0,0,1.0,0
1139,,42.0,1,1,32.5,S,0,0,0,1.0,0,1.0,0
249,1.0,37.0,1,1,52.5542,S,1.0,0,0,1.0,1.0,0,0
1140,,29.0,1,0,26.0,S,1.0,0,0,1.0,1.0,0,0
250,0.0,54.0,1,0,26.0,S,1.0,0,0,1.0,0,1.0,0
1141,,30.3,1,0,14.4542,C,1.0,0,0,1.0,0,1.0,0
251,0.0,29.7,0,0,7.25,S,1.0,0,0,1.0,0,0,1.0
1142,,0.92,1,2,27.75,S,1.0,0,0,1.0,0,0,1.0
252,0.0,29.0,1,1,10.4625,S,0,0,0,1.0,0,0,1.0
1143,,20.0,0,0,7.925,S,0,0,0,1.0,0,0,1.0
253,0.0,62.0,0,0,26.55,S,1.0,0,0,1.0,1.0,0,0
1144,,27.0,1,0,136.7792,C,1.0,0,0,1.0,1.0,0,0
254,0.0,30.0,1,0,16.1,S,1.0,0,0,1.0,0,0,1.0
1145,,24.0,0,0,9.325,S,1.0,0,0,1.0,0,0,1.0
255,0.0,41.0,0,2,20.2125,S,0,0,0,1.0,0,0,1.0
1146,,32.5,0,0,9.5,S,0,0,0,1.0,0,0,1.0
256,1.0,29.0,0,2,15.2458,C,0,1.0,0,0,0,0,1.0
1147,,30.3,0,0,7.55,S,0,1.0,0,0,0,0,1.0
257,1.0,29.7,0,0,79.2,C,0,1.0,0,0,1.0,0,0
1148,,30.3,0,0,7.75,Q,0,1.0,0,0,1.0,0,0
258,1.0,30.0,0,0,86.5,S,0,0,0,1.0,1.0,0,0
1149,,28.0,0,0,8.05,S,0,0,0,1.0,1.0,0,0
259,1.0,35.0,0,0,512.3292,C,0,1.0,0,0,1.0,0,0
1150,,19.0,0,0,13.0,S,0,1.0,0,0,1.0,0,0
260,1.0,50.0,0,1,26.0,S,0,0,0,1.0,0,1.0,0
1151,,21.0,0,0,7.775,S,0,0,0,1.0,0,1.0,0
261,0.0,29.7,0,0,7.75,Q,1.0,0,1.0,0,0,0,1.0
1152,,36.5,1,0,17.4,S,1.0,0,1.0,0,0,0,1.0
262,1.0,3.0,4,2,31.3875,S,1.0,0,0,1.0,0,0,1.0
1153,,21.0,0,0,7.8542,S,1.0,0,0,1.0,0,0,1.0
263,0.0,52.0,1,1,79.65,S,1.0,0,0,1.0,1.0,0,0
1154,,29.0,0,2,23.0,S,1.0,0,0,1.0,1.0,0,0
264,0.0,40.0,0,0,0.0,S,1.0,0,0,1.0,1.0,0,0
1155,,1.0,1,1,12.1833,S,1.0,0,0,1.0,1.0,0,0
265,0.0,29.7,0,0,7.75,Q,0,0,1.0,0,0,0,1.0
1156,,30.0,0,0,12.7375,C,0,0,1.0,0,0,0,1.0
266,0.0,36.0,0,0,10.5,S,1.0,0,0,1.0,0,1.0,0
1157,,30.3,0,0,7.8958,S,1.0,0,0,1.0,0,1.0,0
267,0.0,16.0,4,1,39.6875,S,1.0,0,0,1.0,0,0,1.0
1158,,30.3,0,0,0.0,S,1.0,0,0,1.0,0,0,1.0
268,1.0,25.0,1,0,7.775,S,1.0,0,0,1.0,0,0,1.0
1159,,30.3,0,0,7.55,S,1.0,0,0,1.0,0,0,1.0
269,1.0,58.0,0,1,153.4625,S,0,0,0,1.0,1.0,0,0
1160,,30.3,0,0,8.05,S,0,0,0,1.0,1.0,0,0
270,1.0,35.0,0,0,135.6333,S,0,0,0,1.0,1.0,0,0
1161,,17.0,0,0,8.6625,S,0,0,0,1.0,1.0,0,0
271,0.0,29.7,0,0,31.0,S,1.0,0,0,1.0,1.0,0,0
1162,,46.0,0,0,75.2417,C,1.0,0,0,1.0,1.0,0,0
272,1.0,25.0,0,0,0.0,S,1.0,0,0,1.0,0,0,1.0
1163,,30.3,0,0,7.75,Q,1.0,0,0,1.0,0,0,1.0
273,1.0,41.0,0,1,19.5,S,0,0,0,1.0,0,1.0,0
1164,,26.0,1,0,136.7792,C,0,0,0,1.0,0,1.0,0
274,0.0,37.0,0,1,29.7,C,1.0,1.0,0,0,1.0,0,0
1165,,30.3,1,0,15.5,Q,1.0,1.0,0,0,1.0,0,0
275,1.0,29.7,0,0,7.75,Q,0,0,1.0,0,0,0,1.0
1166,,30.3,0,0,7.225,C,0,0,1.0,0,0,0,1.0
276,1.0,63.0,1,0,77.9583,S,0,0,0,1.0,1.0,0,0
1167,,20.0,1,0,26.0,S,0,0,0,1.0,1.0,0,0
277,0.0,45.0,0,0,7.75,S,0,0,0,1.0,0,0,1.0
1168,,28.0,0,0,10.5,S,0,0,0,1.0,0,0,1.0
278,0.0,29.7,0,0,0.0,S,1.0,0,0,1.0,0,1.0,0
1169,,40.0,1,0,26.0,S,1.0,0,0,1.0,0,1.0,0
279,0.0,7.0,4,1,29.125,Q,1.0,0,1.0,0,0,0,1.0
1170,,30.0,1,0,21.0,S,1.0,0,1.0,0,0,0,1.0
280,1.0,35.0,1,1,20.25,S,0,0,0,1.0,0,0,1.0
1171,,22.0,0,0,10.5,S,0,0,0,1.0,0,0,1.0
281,0.0,65.0,0,0,7.75,Q,1.0,0,1.0,0,0,0,1.0
1172,,23.0,0,0,8.6625,S,1.0,0,1.0,0,0,0,1.0
282,0.0,28.0,0,0,7.8542,S,1.0,0,0,1.0,0,0,1.0
1173,,0.75,1,1,13.775,S,1.0,0,0,1.0,0,0,1.0
283,0.0,16.0,0,0,9.5,S,1.0,0,0,1.0,0,0,1.0
1174,,30.3,0,0,7.75,Q,1.0,0,0,1.0,0,0,1.0
284,1.0,19.0,0,0,8.05,S,1.0,0,0,1.0,0,0,1.0
1175,,9.0,1,1,15.2458,C,1.0,0,0,1.0,0,0,1.0
285,0.0,29.7,0,0,26.0,S,1.0,0,0,1.0,1.0,0,0
1176,,2.0,1,1,20.2125,S,1.0,0,0,1.0,1.0,0,0
286,0.0,33.0,0,0,8.6625,C,1.0,1.0,0,0,0,0,1.0
1177,,36.0,0,0,7.25,S,1.0,1.0,0,0,0,0,1.0
287,1.0,30.0,0,0,9.5,S,1.0,0,0,1.0,0,0,1.0
1178,,30.3,0,0,7.25,S,1.0,0,0,1.0,0,0,1.0
288,0.0,22.0,0,0,7.8958,S,1.0,0,0,1.0,0,0,1.0
1179,,24.0,1,0,82.2667,S,1.0,0,0,1.0,0,0,1.0
289,1.0,42.0,0,0,13.0,S,1.0,0,0,1.0,0,1.0,0
1180,,30.3,0,0,7.2292,C,1.0,0,0,1.0,0,1.0,0
290,1.0,22.0,0,0,7.75,Q,0,0,1.0,0,0,0,1.0
1181,,30.3,0,0,8.05,S,0,0,1.0,0,0,0,1.0
291,1.0,26.0,0,0,78.85,S,0,0,0,1.0,1.0,0,0
1182,,30.3,0,0,39.6,S,0,0,0,1.0,1.0,0,0
292,1.0,19.0,1,0,91.0792,C,0,1.0,0,0,1.0,0,0
1183,,30.0,0,0,6.95,Q,0,1.0,0,0,1.0,0,0
293,0.0,36.0,0,0,12.875,C,1.0,1.0,0,0,0,1.0,0
1184,,30.3,0,0,7.2292,C,1.0,1.0,0,0,0,1.0,0
294,0.0,24.0,0,0,8.85,S,0,0,0,1.0,0,0,1.0
1185,,53.0,1,1,81.8583,S,0,0,0,1.0,0,0,1.0
295,0.0,24.0,0,0,7.8958,S,1.0,0,0,1.0,0,0,1.0
1186,,36.0,0,0,9.5,S,1.0,0,0,1.0,0,0,1.0
296,0.0,29.7,0,0,27.7208,C,1.0,1.0,0,0,1.0,0,0
1187,,26.0,0,0,7.8958,S,1.0,1.0,0,0,1.0,0,0
297,0.0,23.5,0,0,7.2292,C,1.0,1.0,0,0,0,0,1.0
1188,,1.0,1,2,41.5792,C,1.0,1.0,0,0,0,0,1.0
298,0.0,2.0,1,2,151.55,S,0,0,0,1.0,1.0,0,0
1189,,30.3,2,0,21.6792,C,0,0,0,1.0,1.0,0,0
299,1.0,29.7,0,0,30.5,S,1.0,0,0,1.0,1.0,0,0
1190,,30.0,0,0,45.5,S,1.0,0,0,1.0,1.0,0,0
300,1.0,50.0,0,1,247.5208,C,0,1.0,0,0,1.0,0,0
1191,,29.0,0,0,7.8542,S,0,1.0,0,0,1.0,0,0
301,1.0,29.7,0,0,7.75,Q,0,0,1.0,0,0,0,1.0
1192,,32.0,0,0,7.775,S,0,0,1.0,0,0,0,1.0
302,1.0,29.7,2,0,23.25,Q,1.0,0,1.0,0,0,0,1.0
1193,,30.3,0,0,15.0458,C,1.0,0,1.0,0,0,0,1.0
303,0.0,19.0,0,0,0.0,S,1.0,0,0,1.0,0,0,1.0
1194,,43.0,0,1,21.0,S,1.0,0,0,1.0,0,0,1.0
304,1.0,29.7,0,0,12.35,Q,0,0,1.0,0,0,1.0,0
1195,,24.0,0,0,8.6625,S,0,0,1.0,0,0,1.0,0
305,0.0,29.7,0,0,8.05,S,1.0,0,0,1.0,0,0,1.0
1196,,30.3,0,0,7.75,Q,1.0,0,0,1.0,0,0,1.0
306,1.0,0.92,1,2,151.55,S,1.0,0,0,1.0,1.0,0,0
1197,,64.0,1,1,26.55,S,1.0,0,0,1.0,1.0,0,0
307,1.0,29.7,0,0,110.8833,C,0,1.0,0,0,1.0,0,0
1198,,30.0,1,2,151.55,S,0,1.0,0,0,1.0,0,0
308,1.0,17.0,1,0,108.9,C,0,1.0,0,0,1.0,0,0
1199,,0.83,0,1,9.35,S,0,1.0,0,0,1.0,0,0
309,0.0,30.0,1,0,24.0,C,1.0,1.0,0,0,0,1.0,0
1200,,55.0,1,1,93.5,S,1.0,1.0,0,0,0,1.0,0
310,1.0,30.0,0,0,56.9292,C,0,1.0,0,0,1.0,0,0
1201,,45.0,1,0,14.1083,S,0,1.0,0,0,1.0,0,0
311,1.0,24.0,0,0,83.1583,C,0,1.0,0,0,1.0,0,0
1202,,18.0,0,0,8.6625,S,0,1.0,0,0,1.0,0,0
312,1.0,18.0,2,2,262.375,C,0,1.0,0,0,1.0,0,0
1203,,22.0,0,0,7.225,C,0,1.0,0,0,1.0,0,0
313,0.0,26.0,1,1,26.0,S,0,0,0,1.0,0,1.0,0
1204,,30.3,0,0,7.575,S,0,0,0,1.0,0,1.0,0
314,0.0,28.0,0,0,7.8958,S,1.0,0,0,1.0,0,0,1.0
1205,,37.0,0,0,7.75,Q,1.0,0,0,1.0,0,0,1.0
315,0.0,43.0,1,1,26.25,S,1.0,0,0,1.0,0,1.0,0
1206,,55.0,0,0,135.6333,C,1.0,0,0,1.0,0,1.0,0
316,1.0,26.0,0,0,7.8542,S,0,0,0,1.0,0,0,1.0
1207,,17.0,0,0,7.7333,Q,0,0,0,1.0,0,0,1.0
317,1.0,24.0,1,0,26.0,S,0,0,0,1.0,0,1.0,0
1208,,57.0,1,0,146.5208,C,0,0,0,1.0,0,1.0,0
318,0.0,54.0,0,0,14.0,S,1.0,0,0,1.0,0,1.0,0
1209,,19.0,0,0,10.5,S,1.0,0,0,1.0,0,1.0,0
319,1.0,31.0,0,2,164.8667,S,0,0,0,1.0,1.0,0,0
1210,,27.0,0,0,7.8542,S,0,0,0,1.0,1.0,0,0
320,1.0,40.0,1,1,134.5,C,0,1.0,0,0,1.0,0,0
1211,,22.0,2,0,31.5,S,0,1.0,0,0,1.0,0,0
321,0.0,22.0,0,0,7.25,S,1.0,0,0,1.0,0,0,1.0
1212,,26.0,0,0,7.775,S,1.0,0,0,1.0,0,0,1.0
322,0.0,27.0,0,0,7.8958,S,1.0,0,0,1.0,0,0,1.0
1213,,25.0,0,0,7.2292,C,1.0,0,0,1.0,0,0,1.0
323,1.0,30.0,0,0,12.35,Q,0,0,1.0,0,0,1.0,0
1214,,26.0,0,0,13.0,S,0,0,1.0,0,0,1.0,0
324,1.0,22.0,1,1,29.0,S,0,0,0,1.0,0,1.0,0
1215,,33.0,0,0,26.55,S,0,0,0,1.0,0,1.0,0
325,0.0,29.7,8,2,69.55,S,1.0,0,0,1.0,0,0,1.0
1216,,39.0,0,0,211.3375,S,1.0,0,0,1.0,0,0,1.0
326,1.0,36.0,0,0,135.6333,C,0,1.0,0,0,1.0,0,0
1217,,23.0,0,0,7.05,S,0,1.0,0,0,1.0,0,0
327,0.0,61.0,0,0,6.2375,S,1.0,0,0,1.0,0,0,1.0
1218,,12.0,2,1,39.0,S,1.0,0,0,1.0,0,0,1.0
328,1.0,36.0,0,0,13.0,S,0,0,0,1.0,0,1.0,0
1219,,46.0,0,0,79.2,C,0,0,0,1.0,0,1.0,0
329,1.0,31.0,1,1,20.525,S,0,0,0,1.0,0,0,1.0
1220,,29.0,1,0,26.0,S,0,0,0,1.0,0,0,1.0
330,1.0,16.0,0,1,57.9792,C,0,1.0,0,0,1.0,0,0
1221,,21.0,0,0,13.0,S,0,1.0,0,0,1.0,0,0
331,1.0,29.7,2,0,23.25,Q,0,0,1.0,0,0,0,1.0
1222,,48.0,0,2,36.75,S,0,0,1.0,0,0,0,1.0
332,0.0,45.5,0,0,28.5,S,1.0,0,0,1.0,1.0,0,0
1223,,39.0,0,0,29.7,C,1.0,0,0,1.0,1.0,0,0
333,0.0,38.0,0,1,153.4625,S,1.0,0,0,1.0,1.0,0,0
1224,,30.3,0,0,7.225,C,1.0,0,0,1.0,1.0,0,0
334,0.0,16.0,2,0,18.0,S,1.0,0,0,1.0,0,0,1.0
1225,,19.0,1,1,15.7417,C,1.0,0,0,1.0,0,0,1.0
335,1.0,29.7,1,0,133.65,S,0,0,0,1.0,1.0,0,0
1226,,27.0,0,0,7.8958,S,0,0,0,1.0,1.0,0,0
336,0.0,29.7,0,0,7.8958,S,1.0,0,0,1.0,0,0,1.0
1227,,30.0,0,0,26.0,S,1.0,0,0,1.0,0,0,1.0
337,0.0,29.0,1,0,66.6,S,1.0,0,0,1.0,1.0,0,0
1228,,32.0,0,0,13.0,S,1.0,0,0,1.0,1.0,0,0
338,1.0,41.0,0,0,134.5,C,0,1.0,0,0,1.0,0,0
1229,,39.0,0,2,7.2292,C,0,1.0,0,0,1.0,0,0
339,1.0,45.0,0,0,8.05,S,1.0,0,0,1.0,0,0,1.0
1230,,25.0,0,0,31.5,S,1.0,0,0,1.0,0,0,1.0
340,0.0,45.0,0,0,35.5,S,1.0,0,0,1.0,1.0,0,0
1231,,30.3,0,0,7.2292,C,1.0,0,0,1.0,1.0,0,0
341,1.0,2.0,1,1,26.0,S,1.0,0,0,1.0,0,1.0,0
1232,,18.0,0,0,10.5,S,1.0,0,0,1.0,0,1.0,0
342,1.0,24.0,3,2,263.0,S,0,0,0,1.0,1.0,0,0
1233,,32.0,0,0,7.5792,S,0,0,0,1.0,1.0,0,0
343,0.0,28.0,0,0,13.0,S,1.0,0,0,1.0,0,1.0,0
1234,,30.3,1,9,69.55,S,1.0,0,0,1.0,0,1.0,0
344,0.0,25.0,0,0,13.0,S,1.0,0,0,1.0,0,1.0,0
1235,,58.0,0,1,512.3292,C,1.0,0,0,1.0,0,1.0,0
345,0.0,36.0,0,0,13.0,S,1.0,0,0,1.0,0,1.0,0
1236,,30.3,1,1,14.5,S,1.0,0,0,1.0,0,1.0,0
346,1.0,24.0,0,0,13.0,S,0,0,0,1.0,0,1.0,0
1237,,16.0,0,0,7.65,S,0,0,0,1.0,0,1.0,0
347,1.0,40.0,0,0,13.0,S,0,0,0,1.0,0,1.0,0
1238,,26.0,0,0,13.0,S,0,0,0,1.0,0,1.0,0
348,1.0,29.7,1,0,16.1,S,0,0,0,1.0,0,0,1.0
1239,,38.0,0,0,7.2292,C,0,0,0,1.0,0,0,1.0
349,1.0,3.0,1,1,15.9,S,1.0,0,0,1.0,0,0,1.0
1240,,24.0,0,0,13.5,S,1.0,0,0,1.0,0,0,1.0
350,0.0,42.0,0,0,8.6625,S,1.0,0,0,1.0,0,0,1.0
1241,,31.0,0,0,21.0,S,1.0,0,0,1.0,0,0,1.0
351,0.0,23.0,0,0,9.225,S,1.0,0,0,1.0,0,0,1.0
1242,,45.0,0,1,63.3583,C,1.0,0,0,1.0,0,0,1.0
352,0.0,29.7,0,0,35.0,S,1.0,0,0,1.0,1.0,0,0
1243,,25.0,0,0,10.5,S,1.0,0,0,1.0,1.0,0,0
353,0.0,15.0,1,1,7.2292,C,1.0,1.0,0,0,0,0,1.0
1244,,18.0,0,0,73.5,S,1.0,1.0,0,0,0,0,1.0
354,0.0,25.0,1,0,17.8,S,1.0,0,0,1.0,0,0,1.0
1245,,49.0,1,2,65.0,S,1.0,0,0,1.0,0,0,1.0
355,0.0,29.7,0,0,7.225,C,1.0,1.0,0,0,0,0,1.0
1246,,0.17,1,2,20.575,S,1.0,1.0,0,0,0,0,1.0
356,0.0,28.0,0,0,9.5,S,1.0,0,0,1.0,0,0,1.0
1247,,50.0,0,0,26.0,S,1.0,0,0,1.0,0,0,1.0
357,1.0,22.0,0,1,55.0,S,0,0,0,1.0,1.0,0,0
1248,,59.0,2,0,51.4792,S,0,0,0,1.0,1.0,0,0
358,0.0,38.0,0,0,13.0,S,0,0,0,1.0,0,1.0,0
1249,,30.3,0,0,7.8792,S,0,0,0,1.0,0,1.0,0
359,1.0,29.7,0,0,7.8792,Q,0,0,1.0,0,0,0,1.0
1250,,30.3,0,0,7.75,Q,0,0,1.0,0,0,0,1.0
360,1.0,29.7,0,0,7.8792,Q,0,0,1.0,0,0,0,1.0
1251,,30.0,1,0,15.55,S,0,0,1.0,0,0,0,1.0
361,0.0,40.0,1,4,27.9,S,1.0,0,0,1.0,0,0,1.0
1252,,14.5,8,2,69.55,S,1.0,0,0,1.0,0,0,1.0
362,0.0,29.0,1,0,27.7208,C,1.0,1.0,0,0,0,1.0,0
1253,,24.0,1,1,37.0042,C,1.0,1.0,0,0,0,1.0,0
363,0.0,45.0,0,1,14.4542,C,0,1.0,0,0,0,0,1.0
1254,,31.0,0,0,21.0,S,0,1.0,0,0,0,0,1.0
364,0.0,35.0,0,0,7.05,S,1.0,0,0,1.0,0,0,1.0
1255,,27.0,0,0,8.6625,S,1.0,0,0,1.0,0,0,1.0
365,0.0,29.7,1,0,15.5,Q,1.0,0,1.0,0,0,0,1.0
1256,,25.0,1,0,55.4417,C,1.0,0,1.0,0,0,0,1.0
366,0.0,30.0,0,0,7.25,S,1.0,0,0,1.0,0,0,1.0
1257,,30.3,1,9,69.55,S,1.0,0,0,1.0,0,0,1.0
367,1.0,60.0,1,0,75.25,C,0,1.0,0,0,1.0,0,0
1258,,30.3,1,0,14.4583,C,0,1.0,0,0,1.0,0,0
368,1.0,29.7,0,0,7.2292,C,0,1.0,0,0,0,0,1.0
1259,,22.0,0,0,39.6875,S,0,1.0,0,0,0,0,1.0
369,1.0,29.7,0,0,7.75,Q,0,0,1.0,0,0,0,1.0
1260,,45.0,0,1,59.4,C,0,0,1.0,0,0,0,1.0
370,1.0,24.0,0,0,69.3,C,0,1.0,0,0,1.0,0,0
1261,,29.0,0,0,13.8583,C,0,1.0,0,0,1.0,0,0
371,1.0,25.0,1,0,55.4417,C,1.0,1.0,0,0,1.0,0,0
1262,,21.0,1,0,11.5,S,1.0,1.0,0,0,1.0,0,0
372,0.0,18.0,1,0,6.4958,S,1.0,0,0,1.0,0,0,1.0
1263,,31.0,0,0,134.5,C,1.0,0,0,1.0,0,0,1.0
373,0.0,19.0,0,0,8.05,S,1.0,0,0,1.0,0,0,1.0
1264,,49.0,0,0,0.0,S,1.0,0,0,1.0,0,0,1.0
374,0.0,22.0,0,0,135.6333,C,1.0,1.0,0,0,1.0,0,0
1265,,44.0,0,0,13.0,S,1.0,1.0,0,0,1.0,0,0
375,0.0,3.0,3,1,21.075,S,0,0,0,1.0,0,0,1.0
1266,,54.0,1,1,81.8583,S,0,0,0,1.0,0,0,1.0
376,1.0,29.7,1,0,82.1708,C,0,1.0,0,0,1.0,0,0
1267,,45.0,0,0,262.375,C,0,1.0,0,0,1.0,0,0
377,1.0,22.0,0,0,7.25,S,0,0,0,1.0,0,0,1.0
1268,,22.0,2,0,8.6625,S,0,0,0,1.0,0,0,1.0
378,0.0,27.0,0,2,211.5,C,1.0,1.0,0,0,1.0,0,0
1269,,21.0,0,0,11.5,S,1.0,1.0,0,0,1.0,0,0
379,0.0,20.0,0,0,4.0125,C,1.0,1.0,0,0,0,0,1.0
1270,,55.0,0,0,50.0,S,1.0,1.0,0,0,0,0,1.0
380,0.0,19.0,0,0,7.775,S,1.0,0,0,1.0,0,0,1.0
1271,,5.0,4,2,31.3875,S,1.0,0,0,1.0,0,0,1.0
381,1.0,42.0,0,0,227.525,C,0,1.0,0,0,1.0,0,0
1272,,30.3,0,0,7.75,Q,0,1.0,0,0,1.0,0,0
382,1.0,1.0,0,2,15.7417,C,0,1.0,0,0,0,0,1.0
1273,,26.0,0,0,7.8792,Q,0,1.0,0,0,0,0,1.0
383,0.0,32.0,0,0,7.925,S,1.0,0,0,1.0,0,0,1.0
1274,,30.3,0,0,14.5,S,1.0,0,0,1.0,0,0,1.0
384,1.0,35.0,1,0,52.0,S,0,0,0,1.0,1.0,0,0
1275,,19.0,1,0,16.1,S,0,0,0,1.0,1.0,0,0
385,0.0,29.7,0,0,7.8958,S,1.0,0,0,1.0,0,0,1.0
1276,,30.3,0,0,12.875,S,1.0,0,0,1.0,0,0,1.0
386,0.0,18.0,0,0,73.5,S,1.0,0,0,1.0,0,1.0,0
1277,,24.0,1,2,65.0,S,1.0,0,0,1.0,0,1.0,0
387,0.0,1.0,5,2,46.9,S,1.0,0,0,1.0,0,0,1.0
1278,,24.0,0,0,7.775,S,1.0,0,0,1.0,0,0,1.0
388,1.0,36.0,0,0,13.0,S,0,0,0,1.0,0,1.0,0
1279,,57.0,0,0,13.0,S,0,0,0,1.0,0,1.0,0
389,0.0,29.7,0,0,7.7292,Q,1.0,0,1.0,0,0,0,1.0
1280,,21.0,0,0,7.75,Q,1.0,0,1.0,0,0,0,1.0
390,1.0,17.0,0,0,12.0,C,0,1.0,0,0,0,1.0,0
1281,,6.0,3,1,21.075,S,0,1.0,0,0,0,1.0,0
391,1.0,36.0,1,2,120.0,S,1.0,0,0,1.0,1.0,0,0
1282,,23.0,0,0,93.5,S,1.0,0,0,1.0,1.0,0,0
392,1.0,21.0,0,0,7.7958,S,1.0,0,0,1.0,0,0,1.0
1283,,51.0,0,1,39.4,S,1.0,0,0,1.0,0,0,1.0
393,0.0,28.0,2,0,7.925,S,1.0,0,0,1.0,0,0,1.0
1284,,13.0,0,2,20.25,S,1.0,0,0,1.0,0,0,1.0
394,1.0,23.0,1,0,113.275,C,0,1.0,0,0,1.0,0,0
1285,,47.0,0,0,10.5,S,0,1.0,0,0,1.0,0,0
395,1.0,24.0,0,2,16.7,S,0,0,0,1.0,0,0,1.0
1286,,29.0,3,1,22.025,S,0,0,0,1.0,0,0,1.0
396,0.0,22.0,0,0,7.7958,S,1.0,0,0,1.0,0,0,1.0
1287,,18.0,1,0,60.0,S,1.0,0,0,1.0,0,0,1.0
397,0.0,31.0,0,0,7.8542,S,0,0,0,1.0,0,0,1.0
1288,,24.0,0,0,7.25,Q,0,0,0,1.0,0,0,1.0
398,0.0,46.0,0,0,26.0,S,1.0,0,0,1.0,0,1.0,0
1289,,48.0,1,1,79.2,C,1.0,0,0,1.0,0,1.0,0
399,0.0,23.0,0,0,10.5,S,1.0,0,0,1.0,0,1.0,0
1290,,22.0,0,0,7.775,S,1.0,0,0,1.0,0,1.0,0
400,1.0,28.0,0,0,12.65,S,0,0,0,1.0,0,1.0,0
1291,,31.0,0,0,7.7333,Q,0,0,0,1.0,0,1.0,0
401,1.0,39.0,0,0,7.925,S,1.0,0,0,1.0,0,0,1.0
1292,,30.0,0,0,164.8667,S,1.0,0,0,1.0,0,0,1.0
402,0.0,26.0,0,0,8.05,S,1.0,0,0,1.0,0,0,1.0
1293,,38.0,1,0,21.0,S,1.0,0,0,1.0,0,0,1.0
403,0.0,21.0,1,0,9.825,S,0,0,0,1.0,0,0,1.0
1294,,22.0,0,1,59.4,C,0,0,0,1.0,0,0,1.0
404,0.0,28.0,1,0,15.85,S,1.0,0,0,1.0,0,0,1.0
1295,,17.0,0,0,47.1,S,1.0,0,0,1.0,0,0,1.0
405,0.0,20.0,0,0,8.6625,S,0,0,0,1.0,0,0,1.0
1296,,43.0,1,0,27.7208,C,0,0,0,1.0,0,0,1.0
406,0.0,34.0,1,0,21.0,S,1.0,0,0,1.0,0,1.0,0
1297,,20.0,0,0,13.8625,C,1.0,0,0,1.0,0,1.0,0
407,0.0,51.0,0,0,7.75,S,1.0,0,0,1.0,0,0,1.0
1298,,23.0,1,0,10.5,S,1.0,0,0,1.0,0,0,1.0
408,1.0,3.0,1,1,18.75,S,1.0,0,0,1.0,0,1.0,0
1299,,50.0,1,1,211.5,C,1.0,0,0,1.0,0,1.0,0
409,0.0,21.0,0,0,7.775,S,1.0,0,0,1.0,0,0,1.0
1300,,30.3,0,0,7.7208,Q,1.0,0,0,1.0,0,0,1.0
410,0.0,29.7,3,1,25.4667,S,0,0,0,1.0,0,0,1.0
1301,,3.0,1,1,13.775,S,0,0,0,1.0,0,0,1.0
411,0.0,29.7,0,0,7.8958,S,1.0,0,0,1.0,0,0,1.0
1302,,30.3,0,0,7.75,Q,1.0,0,0,1.0,0,0,1.0
412,0.0,29.7,0,0,6.8583,Q,1.0,0,1.0,0,0,0,1.0
1303,,37.0,1,0,90.0,Q,1.0,0,1.0,0,0,0,1.0
413,1.0,33.0,1,0,90.0,Q,0,0,1.0,0,1.0,0,0
1304,,28.0,0,0,7.775,S,0,0,1.0,0,1.0,0,0
414,0.0,29.7,0,0,0.0,S,1.0,0,0,1.0,0,1.0,0
1305,,30.3,0,0,8.05,S,1.0,0,0,1.0,0,1.0,0
415,1.0,44.0,0,0,7.925,S,1.0,0,0,1.0,0,0,1.0
1306,,39.0,0,0,108.9,C,1.0,0,0,1.0,0,0,1.0
416,0.0,29.7,0,0,8.05,S,0,0,0,1.0,0,0,1.0
1307,,38.5,0,0,7.25,S,0,0,0,1.0,0,0,1.0
417,1.0,34.0,1,1,32.5,S,0,0,0,1.0,0,1.0,0
1308,,30.3,0,0,8.05,S,0,0,0,1.0,0,1.0,0
418,1.0,18.0,0,2,13.0,S,0,0,0,1.0,0,1.0,0
1309,,30.3,1,1,22.3583,C,0,0,0,1.0,0,1.0,0
419,0.0,30.0,0,0,13.0,S,1.0,0,0,1.0,0,1.0,0
420,0.0,10.0,0,2,24.15,S,0,0,0,1.0,0,0,1.0
421,0.0,29.7,0,0,7.8958,C,1.0,1.0,0,0,0,0,1.0
422,0.0,21.0,0,0,7.7333,Q,1.0,0,1.0,0,0,0,1.0
423,0.0,29.0,0,0,7.875,S,1.0,0,0,1.0,0,0,1.0
424,0.0,28.0,1,1,14.4,S,0,0,0,1.0,0,0,1.0
425,0.0,18.0,1,1,20.2125,S,1.0,0,0,1.0,0,0,1.0
426,0.0,29.7,0,0,7.25,S,1.0,0,0,1.0,0,0,1.0
427,1.0,28.0,1,0,26.0,S,0,0,0,1.0,0,1.0,0
428,1.0,19.0,0,0,26.0,S,0,0,0,1.0,0,1.0,0
429,0.0,29.7,0,0,7.75,Q,1.0,0,1.0,0,0,0,1.0
430,1.0,32.0,0,0,8.05,S,1.0,0,0,1.0,0,0,1.0
431,1.0,28.0,0,0,26.55,S,1.0,0,0,1.0,1.0,0,0
432,1.0,29.7,1,0,16.1,S,0,0,0,1.0,0,0,1.0
433,1.0,42.0,1,0,26.0,S,0,0,0,1.0,0,1.0,0
434,0.0,17.0,0,0,7.125,S,1.0,0,0,1.0,0,0,1.0
435,0.0,50.0,1,0,55.9,S,1.0,0,0,1.0,1.0,0,0
436,1.0,14.0,1,2,120.0,S,0,0,0,1.0,1.0,0,0
437,0.0,21.0,2,2,34.375,S,0,0,0,1.0,0,0,1.0
438,1.0,24.0,2,3,18.75,S,0,0,0,1.0,0,1.0,0
439,0.0,64.0,1,4,263.0,S,1.0,0,0,1.0,1.0,0,0
440,0.0,31.0,0,0,10.5,S,1.0,0,0,1.0,0,1.0,0
441,1.0,45.0,1,1,26.25,S,0,0,0,1.0,0,1.0,0
442,0.0,20.0,0,0,9.5,S,1.0,0,0,1.0,0,0,1.0
443,0.0,25.0,1,0,7.775,S,1.0,0,0,1.0,0,0,1.0
444,1.0,28.0,0,0,13.0,S,0,0,0,1.0,0,1.0,0
445,1.0,29.7,0,0,8.1125,S,1.0,0,0,1.0,0,0,1.0
446,1.0,4.0,0,2,81.8583,S,1.0,0,0,1.0,1.0,0,0
447,1.0,13.0,0,1,19.5,S,0,0,0,1.0,0,1.0,0
448,1.0,34.0,0,0,26.55,S,1.0,0,0,1.0,1.0,0,0
449,1.0,5.0,2,1,19.2583,C,0,1.0,0,0,0,0,1.0
450,1.0,52.0,0,0,30.5,S,1.0,0,0,1.0,1.0,0,0
451,0.0,36.0,1,2,27.75,S,1.0,0,0,1.0,0,1.0,0
452,0.0,29.7,1,0,19.9667,S,1.0,0,0,1.0,0,0,1.0
453,0.0,30.0,0,0,27.75,C,1.0,1.0,0,0,1.0,0,0
454,1.0,49.0,1,0,89.1042,C,1.0,1.0,0,0,1.0,0,0
455,0.0,29.7,0,0,8.05,S,1.0,0,0,1.0,0,0,1.0
456,1.0,29.0,0,0,7.8958,C,1.0,1.0,0,0,0,0,1.0
457,0.0,65.0,0,0,26.55,S,1.0,0,0,1.0,1.0,0,0
458,1.0,29.7,1,0,51.8625,S,0,0,0,1.0,1.0,0,0
459,1.0,50.0,0,0,10.5,S,0,0,0,1.0,0,1.0,0
460,0.0,29.7,0,0,7.75,Q,1.0,0,1.0,0,0,0,1.0
461,1.0,48.0,0,0,26.55,S,1.0,0,0,1.0,1.0,0,0
462,0.0,34.0,0,0,8.05,S,1.0,0,0,1.0,0,0,1.0
463,0.0,47.0,0,0,38.5,S,1.0,0,0,1.0,1.0,0,0
464,0.0,48.0,0,0,13.0,S,1.0,0,0,1.0,0,1.0,0
465,0.0,29.7,0,0,8.05,S,1.0,0,0,1.0,0,0,1.0
466,0.0,38.0,0,0,7.05,S,1.0,0,0,1.0,0,0,1.0
467,0.0,29.7,0,0,0.0,S,1.0,0,0,1.0,0,1.0,0
468,0.0,56.0,0,0,26.55,S,1.0,0,0,1.0,1.0,0,0
469,0.0,29.7,0,0,7.725,Q,1.0,0,1.0,0,0,0,1.0
470,1.0,0.75,2,1,19.2583,C,0,1.0,0,0,0,0,1.0
471,0.0,29.7,0,0,7.25,S,1.0,0,0,1.0,0,0,1.0
472,0.0,38.0,0,0,8.6625,S,1.0,0,0,1.0,0,0,1.0
473,1.0,33.0,1,2,27.75,S,0,0,0,1.0,0,1.0,0
474,1.0,23.0,0,0,13.7917,C,0,1.0,0,0,0,1.0,0
475,0.0,22.0,0,0,9.8375,S,0,0,0,1.0,0,0,1.0
476,0.0,29.7,0,0,52.0,S,1.0,0,0,1.0,1.0,0,0
477,0.0,34.0,1,0,21.0,S,1.0,0,0,1.0,0,1.0,0
478,0.0,29.0,1,0,7.0458,S,1.0,0,0,1.0,0,0,1.0
479,0.0,22.0,0,0,7.5208,S,1.0,0,0,1.0,0,0,1.0
480,1.0,2.0,0,1,12.2875,S,0,0,0,1.0,0,0,1.0
481,0.0,9.0,5,2,46.9,S,1.0,0,0,1.0,0,0,1.0
482,0.0,29.7,0,0,0.0,S,1.0,0,0,1.0,0,1.0,0
483,0.0,50.0,0,0,8.05,S,1.0,0,0,1.0,0,0,1.0
484,1.0,63.0,0,0,9.5875,S,0,0,0,1.0,0,0,1.0
485,1.0,25.0,1,0,91.0792,C,1.0,1.0,0,0,1.0,0,0
486,0.0,29.7,3,1,25.4667,S,0,0,0,1.0,0,0,1.0
487,1.0,35.0,1,0,90.0,S,0,0,0,1.0,1.0,0,0
488,0.0,58.0,0,0,29.7,C,1.0,1.0,0,0,1.0,0,0
489,0.0,30.0,0,0,8.05,S,1.0,0,0,1.0,0,0,1.0
490,1.0,9.0,1,1,15.9,S,1.0,0,0,1.0,0,0,1.0
491,0.0,29.7,1,0,19.9667,S,1.0,0,0,1.0,0,0,1.0
492,0.0,21.0,0,0,7.25,S,1.0,0,0,1.0,0,0,1.0
493,0.0,55.0,0,0,30.5,S,1.0,0,0,1.0,1.0,0,0
494,0.0,71.0,0,0,49.5042,C,1.0,1.0,0,0,1.0,0,0
495,0.0,21.0,0,0,8.05,S,1.0,0,0,1.0,0,0,1.0
496,0.0,29.7,0,0,14.4583,C,1.0,1.0,0,0,0,0,1.0
497,1.0,54.0,1,0,78.2667,C,0,1.0,0,0,1.0,0,0
498,0.0,29.7,0,0,15.1,S,1.0,0,0,1.0,0,0,1.0
499,0.0,25.0,1,2,151.55,S,0,0,0,1.0,1.0,0,0
500,0.0,24.0,0,0,7.7958,S,1.0,0,0,1.0,0,0,1.0
501,0.0,17.0,0,0,8.6625,S,1.0,0,0,1.0,0,0,1.0
502,0.0,21.0,0,0,7.75,Q,0,0,1.0,0,0,0,1.0
503,0.0,29.7,0,0,7.6292,Q,0,0,1.0,0,0,0,1.0
504,0.0,37.0,0,0,9.5875,S,0,0,0,1.0,0,0,1.0
505,1.0,16.0,0,0,86.5,S,0,0,0,1.0,1.0,0,0
506,0.0,18.0,1,0,108.9,C,1.0,1.0,0,0,1.0,0,0
507,1.0,33.0,0,2,26.0,S,0,0,0,1.0,0,1.0,0
508,1.0,29.7,0,0,26.55,S,1.0,0,0,1.0,1.0,0,0
509,0.0,28.0,0,0,22.525,S,1.0,0,0,1.0,0,0,1.0
510,1.0,26.0,0,0,56.4958,S,1.0,0,0,1.0,0,0,1.0
511,1.0,29.0,0,0,7.75,Q,1.0,0,1.0,0,0,0,1.0
512,0.0,29.7,0,0,8.05,S,1.0,0,0,1.0,0,0,1.0
513,1.0,36.0,0,0,26.2875,S,1.0,0,0,1.0,1.0,0,0
514,1.0,54.0,1,0,59.4,C,0,1.0,0,0,1.0,0,0
515,0.0,24.0,0,0,7.4958,S,1.0,0,0,1.0,0,0,1.0
516,0.0,47.0,0,0,34.0208,S,1.0,0,0,1.0,1.0,0,0
517,1.0,34.0,0,0,10.5,S,0,0,0,1.0,0,1.0,0
518,0.0,29.7,0,0,24.15,Q,1.0,0,1.0,0,0,0,1.0
519,1.0,36.0,1,0,26.0,S,0,0,0,1.0,0,1.0,0
520,0.0,32.0,0,0,7.8958,S,1.0,0,0,1.0,0,0,1.0
521,1.0,30.0,0,0,93.5,S,0,0,0,1.0,1.0,0,0
522,0.0,22.0,0,0,7.8958,S,1.0,0,0,1.0,0,0,1.0
523,0.0,29.7,0,0,7.225,C,1.0,1.0,0,0,0,0,1.0
524,1.0,44.0,0,1,57.9792,C,0,1.0,0,0,1.0,0,0
525,0.0,29.7,0,0,7.2292,C,1.0,1.0,0,0,0,0,1.0
526,0.0,40.5,0,0,7.75,Q,1.0,0,1.0,0,0,0,1.0
527,1.0,50.0,0,0,10.5,S,0,0,0,1.0,0,1.0,0
528,0.0,29.7,0,0,221.7792,S,1.0,0,0,1.0,1.0,0,0
529,0.0,39.0,0,0,7.925,S,1.0,0,0,1.0,0,0,1.0
530,0.0,23.0,2,1,11.5,S,1.0,0,0,1.0,0,1.0,0
531,1.0,2.0,1,1,26.0,S,0,0,0,1.0,0,1.0,0
532,0.0,29.7,0,0,7.2292,C,1.0,1.0,0,0,0,0,1.0
533,0.0,17.0,1,1,7.2292,C,1.0,1.0,0,0,0,0,1.0
534,1.0,29.7,0,2,22.3583,C,0,1.0,0,0,0,0,1.0
535,0.0,30.0,0,0,8.6625,S,0,0,0,1.0,0,0,1.0
536,1.0,7.0,0,2,26.25,S,0,0,0,1.0,0,1.0,0
537,0.0,45.0,0,0,26.55,S,1.0,0,0,1.0,1.0,0,0
538,1.0,30.0,0,0,106.425,C,0,1.0,0,0,1.0,0,0
539,0.0,29.7,0,0,14.5,S,1.0,0,0,1.0,0,0,1.0
540,1.0,22.0,0,2,49.5,C,0,1.0,0,0,1.0,0,0
541,1.0,36.0,0,2,71.0,S,0,0,0,1.0,1.0,0,0
542,0.0,9.0,4,2,31.275,S,0,0,0,1.0,0,0,1.0
543,0.0,11.0,4,2,31.275,S,0,0,0,1.0,0,0,1.0
544,1.0,32.0,1,0,26.0,S,1.0,0,0,1.0,0,1.0,0
545,0.0,50.0,1,0,106.425,C,1.0,1.0,0,0,1.0,0,0
546,0.0,64.0,0,0,26.0,S,1.0,0,0,1.0,1.0,0,0
547,1.0,19.0,1,0,26.0,S,0,0,0,1.0,0,1.0,0
548,1.0,29.7,0,0,13.8625,C,1.0,1.0,0,0,0,1.0,0
549,0.0,33.0,1,1,20.525,S,1.0,0,0,1.0,0,0,1.0
550,1.0,8.0,1,1,36.75,S,1.0,0,0,1.0,0,1.0,0
551,1.0,17.0,0,2,110.8833,C,1.0,1.0,0,0,1.0,0,0
552,0.0,27.0,0,0,26.0,S,1.0,0,0,1.0,0,1.0,0
553,0.0,29.7,0,0,7.8292,Q,1.0,0,1.0,0,0,0,1.0
554,1.0,22.0,0,0,7.225,C,1.0,1.0,0,0,0,0,1.0
555,1.0,22.0,0,0,7.775,S,0,0,0,1.0,0,0,1.0
556,0.0,62.0,0,0,26.55,S,1.0,0,0,1.0,1.0,0,0
557,1.0,48.0,1,0,39.6,C,0,1.0,0,0,1.0,0,0
558,0.0,29.7,0,0,227.525,C,1.0,1.0,0,0,1.0,0,0
559,1.0,39.0,1,1,79.65,S,0,0,0,1.0,1.0,0,0
560,1.0,36.0,1,0,17.4,S,0,0,0,1.0,0,0,1.0
561,0.0,29.7,0,0,7.75,Q,1.0,0,1.0,0,0,0,1.0
562,0.0,40.0,0,0,7.8958,S,1.0,0,0,1.0,0,0,1.0
563,0.0,28.0,0,0,13.5,S,1.0,0,0,1.0,0,1.0,0
564,0.0,29.7,0,0,8.05,S,1.0,0,0,1.0,0,0,1.0
565,0.0,29.7,0,0,8.05,S,0,0,0,1.0,0,0,1.0
566,0.0,24.0,2,0,24.15,S,1.0,0,0,1.0,0,0,1.0
567,0.0,19.0,0,0,7.8958,S,1.0,0,0,1.0,0,0,1.0
568,0.0,29.0,0,4,21.075,S,0,0,0,1.0,0,0,1.0
569,0.0,29.7,0,0,7.2292,C,1.0,1.0,0,0,0,0,1.0
570,1.0,32.0,0,0,7.8542,S,1.0,0,0,1.0,0,0,1.0
571,1.0,62.0,0,0,10.5,S,1.0,0,0,1.0,0,1.0,0
572,1.0,53.0,2,0,51.4792,S,0,0,0,1.0,1.0,0,0
573,1.0,36.0,0,0,26.3875,S,1.0,0,0,1.0,1.0,0,0
574,1.0,29.7,0,0,7.75,Q,0,0,1.0,0,0,0,1.0
575,0.0,16.0,0,0,8.05,S,1.0,0,0,1.0,0,0,1.0
576,0.0,19.0,0,0,14.5,S,1.0,0,0,1.0,0,0,1.0
577,1.0,34.0,0,0,13.0,S,0,0,0,1.0,0,1.0,0
578,1.0,39.0,1,0,55.9,S,0,0,0,1.0,1.0,0,0
579,0.0,29.7,1,0,14.4583,C,0,1.0,0,0,0,0,1.0
580,1.0,32.0,0,0,7.925,S,1.0,0,0,1.0,0,0,1.0
581,1.0,25.0,1,1,30.0,S,0,0,0,1.0,0,1.0,0
582,1.0,39.0,1,1,110.8833,C,0,1.0,0,0,1.0,0,0
583,0.0,54.0,0,0,26.0,S,1.0,0,0,1.0,0,1.0,0
584,0.0,36.0,0,0,40.125,C,1.0,1.0,0,0,1.0,0,0
585,0.0,29.7,0,0,8.7125,C,1.0,1.0,0,0,0,0,1.0
586,1.0,18.0,0,2,79.65,S,0,0,0,1.0,1.0,0,0
587,0.0,47.0,0,0,15.0,S,1.0,0,0,1.0,0,1.0,0
588,1.0,60.0,1,1,79.2,C,1.0,1.0,0,0,1.0,0,0
589,0.0,22.0,0,0,8.05,S,1.0,0,0,1.0,0,0,1.0
590,0.0,29.7,0,0,8.05,S,1.0,0,0,1.0,0,0,1.0
591,0.0,35.0,0,0,7.125,S,1.0,0,0,1.0,0,0,1.0
592,1.0,52.0,1,0,78.2667,C,0,1.0,0,0,1.0,0,0
593,0.0,47.0,0,0,7.25,S,1.0,0,0,1.0,0,0,1.0
594,0.0,29.7,0,2,7.75,Q,0,0,1.0,0,0,0,1.0
595,0.0,37.0,1,0,26.0,S,1.0,0,0,1.0,0,1.0,0
596,0.0,36.0,1,1,24.15,S,1.0,0,0,1.0,0,0,1.0
597,1.0,29.7,0,0,33.0,S,0,0,0,1.0,0,1.0,0
598,0.0,49.0,0,0,0.0,S,1.0,0,0,1.0,0,0,1.0
599,0.0,29.7,0,0,7.225,C,1.0,1.0,0,0,0,0,1.0
600,1.0,49.0,1,0,56.9292,C,1.0,1.0,0,0,1.0,0,0
601,1.0,24.0,2,1,27.0,S,0,0,0,1.0,0,1.0,0
602,0.0,29.7,0,0,7.8958,S,1.0,0,0,1.0,0,0,1.0
603,0.0,29.7,0,0,42.4,S,1.0,0,0,1.0,1.0,0,0
604,0.0,44.0,0,0,8.05,S,1.0,0,0,1.0,0,0,1.0
605,1.0,35.0,0,0,26.55,C,1.0,1.0,0,0,1.0,0,0
606,0.0,36.0,1,0,15.55,S,1.0,0,0,1.0,0,0,1.0
607,0.0,30.0,0,0,7.8958,S,1.0,0,0,1.0,0,0,1.0
608,1.0,27.0,0,0,30.5,S,1.0,0,0,1.0,1.0,0,0
609,1.0,22.0,1,2,41.5792,C,0,1.0,0,0,0,1.0,0
610,1.0,40.0,0,0,153.4625,S,0,0,0,1.0,1.0,0,0
611,0.0,39.0,1,5,31.275,S,0,0,0,1.0,0,0,1.0
612,0.0,29.7,0,0,7.05,S,1.0,0,0,1.0,0,0,1.0
613,1.0,29.7,1,0,15.5,Q,0,0,1.0,0,0,0,1.0
614,0.0,29.7,0,0,7.75,Q,1.0,0,1.0,0,0,0,1.0
615,0.0,35.0,0,0,8.05,S,1.0,0,0,1.0,0,0,1.0
616,1.0,24.0,1,2,65.0,S,0,0,0,1.0,0,1.0,0
617,0.0,34.0,1,1,14.4,S,1.0,0,0,1.0,0,0,1.0
618,0.0,26.0,1,0,16.1,S,0,0,0,1.0,0,0,1.0
619,1.0,4.0,2,1,39.0,S,0,0,0,1.0,0,1.0,0
620,0.0,26.0,0,0,10.5,S,1.0,0,0,1.0,0,1.0,0
621,0.0,27.0,1,0,14.4542,C,1.0,1.0,0,0,0,0,1.0
622,1.0,42.0,1,0,52.5542,S,1.0,0,0,1.0,1.0,0,0
623,1.0,20.0,1,1,15.7417,C,1.0,1.0,0,0,0,0,1.0
624,0.0,21.0,0,0,7.8542,S,1.0,0,0,1.0,0,0,1.0
625,0.0,21.0,0,0,16.1,S,1.0,0,0,1.0,0,0,1.0
626,0.0,61.0,0,0,32.3208,S,1.0,0,0,1.0,1.0,0,0
627,0.0,57.0,0,0,12.35,Q,1.0,0,1.0,0,0,1.0,0
628,1.0,21.0,0,0,77.9583,S,0,0,0,1.0,1.0,0,0
629,0.0,26.0,0,0,7.8958,S,1.0,0,0,1.0,0,0,1.0
630,0.0,29.7,0,0,7.7333,Q,1.0,0,1.0,0,0,0,1.0
631,1.0,80.0,0,0,30.0,S,1.0,0,0,1.0,1.0,0,0
632,0.0,51.0,0,0,7.0542,S,1.0,0,0,1.0,0,0,1.0
633,1.0,32.0,0,0,30.5,C,1.0,1.0,0,0,1.0,0,0
634,0.0,29.7,0,0,0.0,S,1.0,0,0,1.0,1.0,0,0
635,0.0,9.0,3,2,27.9,S,0,0,0,1.0,0,0,1.0
636,1.0,28.0,0,0,13.0,S,0,0,0,1.0,0,1.0,0
637,0.0,32.0,0,0,7.925,S,1.0,0,0,1.0,0,0,1.0
638,0.0,31.0,1,1,26.25,S,1.0,0,0,1.0,0,1.0,0
639,0.0,41.0,0,5,39.6875,S,0,0,0,1.0,0,0,1.0
640,0.0,29.7,1,0,16.1,S,1.0,0,0,1.0,0,0,1.0
641,0.0,20.0,0,0,7.8542,S,1.0,0,0,1.0,0,0,1.0
642,1.0,24.0,0,0,69.3,C,0,1.0,0,0,1.0,0,0
643,0.0,2.0,3,2,27.9,S,0,0,0,1.0,0,0,1.0
644,1.0,29.7,0,0,56.4958,S,1.0,0,0,1.0,0,0,1.0
645,1.0,0.75,2,1,19.2583,C,0,1.0,0,0,0,0,1.0
646,1.0,48.0,1,0,76.7292,C,1.0,1.0,0,0,1.0,0,0
647,0.0,19.0,0,0,7.8958,S,1.0,0,0,1.0,0,0,1.0
648,1.0,56.0,0,0,35.5,C,1.0,1.0,0,0,1.0,0,0
649,0.0,29.7,0,0,7.55,S,1.0,0,0,1.0,0,0,1.0
650,1.0,23.0,0,0,7.55,S,0,0,0,1.0,0,0,1.0
651,0.0,29.7,0,0,7.8958,S,1.0,0,0,1.0,0,0,1.0
652,1.0,18.0,0,1,23.0,S,0,0,0,1.0,0,1.0,0
653,0.0,21.0,0,0,8.4333,S,1.0,0,0,1.0,0,0,1.0
654,1.0,29.7,0,0,7.8292,Q,0,0,1.0,0,0,0,1.0
655,0.0,18.0,0,0,6.75,Q,0,0,1.0,0,0,0,1.0
656,0.0,24.0,2,0,73.5,S,1.0,0,0,1.0,0,1.0,0
657,0.0,29.7,0,0,7.8958,S,1.0,0,0,1.0,0,0,1.0
658,0.0,32.0,1,1,15.5,Q,0,0,1.0,0,0,0,1.0
659,0.0,23.0,0,0,13.0,S,1.0,0,0,1.0,0,1.0,0
660,0.0,58.0,0,2,113.275,C,1.0,1.0,0,0,1.0,0,0
661,1.0,50.0,2,0,133.65,S,1.0,0,0,1.0,1.0,0,0
662,0.0,40.0,0,0,7.225,C,1.0,1.0,0,0,0,0,1.0
663,0.0,47.0,0,0,25.5875,S,1.0,0,0,1.0,1.0,0,0
664,0.0,36.0,0,0,7.4958,S,1.0,0,0,1.0,0,0,1.0
665,1.0,20.0,1,0,7.925,S,1.0,0,0,1.0,0,0,1.0
666,0.0,32.0,2,0,73.5,S,1.0,0,0,1.0,0,1.0,0
667,0.0,25.0,0,0,13.0,S,1.0,0,0,1.0,0,1.0,0
668,0.0,29.7,0,0,7.775,S,1.0,0,0,1.0,0,0,1.0
669,0.0,43.0,0,0,8.05,S,1.0,0,0,1.0,0,0,1.0
670,1.0,29.7,1,0,52.0,S,0,0,0,1.0,1.0,0,0
671,1.0,40.0,1,1,39.0,S,0,0,0,1.0,0,1.0,0
672,0.0,31.0,1,0,52.0,S,1.0,0,0,1.0,1.0,0,0
673,0.0,70.0,0,0,10.5,S,1.0,0,0,1.0,0,1.0,0
674,1.0,31.0,0,0,13.0,S,1.0,0,0,1.0,0,1.0,0
675,0.0,29.7,0,0,0.0,S,1.0,0,0,1.0,0,1.0,0
676,0.0,18.0,0,0,7.775,S,1.0,0,0,1.0,0,0,1.0
677,0.0,24.5,0,0,8.05,S,1.0,0,0,1.0,0,0,1.0
678,1.0,18.0,0,0,9.8417,S,0,0,0,1.0,0,0,1.0
679,0.0,43.0,1,6,46.9,S,0,0,0,1.0,0,0,1.0
680,1.0,36.0,0,1,512.3292,C,1.0,1.0,0,0,1.0,0,0
681,0.0,29.7,0,0,8.1375,Q,0,0,1.0,0,0,0,1.0
682,1.0,27.0,0,0,76.7292,C,1.0,1.0,0,0,1.0,0,0
683,0.0,20.0,0,0,9.225,S,1.0,0,0,1.0,0,0,1.0
684,0.0,14.0,5,2,46.9,S,1.0,0,0,1.0,0,0,1.0
685,0.0,60.0,1,1,39.0,S,1.0,0,0,1.0,0,1.0,0
686,0.0,25.0,1,2,41.5792,C,1.0,1.0,0,0,0,1.0,0
687,0.0,14.0,4,1,39.6875,S,1.0,0,0,1.0,0,0,1.0
688,0.0,19.0,0,0,10.1708,S,1.0,0,0,1.0,0,0,1.0
689,0.0,18.0,0,0,7.7958,S,1.0,0,0,1.0,0,0,1.0
690,1.0,15.0,0,1,211.3375,S,0,0,0,1.0,1.0,0,0
691,1.0,31.0,1,0,57.0,S,1.0,0,0,1.0,1.0,0,0
692,1.0,4.0,0,1,13.4167,C,0,1.0,0,0,0,0,1.0
693,1.0,29.7,0,0,56.4958,S,1.0,0,0,1.0,0,0,1.0
694,0.0,25.0,0,0,7.225,C,1.0,1.0,0,0,0,0,1.0
695,0.0,60.0,0,0,26.55,S,1.0,0,0,1.0,1.0,0,0
696,0.0,52.0,0,0,13.5,S,1.0,0,0,1.0,0,1.0,0
697,0.0,44.0,0,0,8.05,S,1.0,0,0,1.0,0,0,1.0
698,1.0,29.7,0,0,7.7333,Q,0,0,1.0,0,0,0,1.0
699,0.0,49.0,1,1,110.8833,C,1.0,1.0,0,0,1.0,0,0
700,0.0,42.0,0,0,7.65,S,1.0,0,0,1.0,0,0,1.0
701,1.0,18.0,1,0,227.525,C,0,1.0,0,0,1.0,0,0
702,1.0,35.0,0,0,26.2875,S,1.0,0,0,1.0,1.0,0,0
703,0.0,18.0,0,1,14.4542,C,0,1.0,0,0,0,0,1.0
704,0.0,25.0,0,0,7.7417,Q,1.0,0,1.0,0,0,0,1.0
705,0.0,26.0,1,0,7.8542,S,1.0,0,0,1.0,0,0,1.0
706,0.0,39.0,0,0,26.0,S,1.0,0,0,1.0,0,1.0,0
707,1.0,45.0,0,0,13.5,S,0,0,0,1.0,0,1.0,0
708,1.0,42.0,0,0,26.2875,S,1.0,0,0,1.0,1.0,0,0
709,1.0,22.0,0,0,151.55,S,0,0,0,1.0,1.0,0,0
710,1.0,29.7,1,1,15.2458,C,1.0,1.0,0,0,0,0,1.0
711,1.0,24.0,0,0,49.5042,C,0,1.0,0,0,1.0,0,0
712,0.0,29.7,0,0,26.55,S,1.0,0,0,1.0,1.0,0,0
713,1.0,48.0,1,0,52.0,S,1.0,0,0,1.0,1.0,0,0
714,0.0,29.0,0,0,9.4833,S,1.0,0,0,1.0,0,0,1.0
715,0.0,52.0,0,0,13.0,S,1.0,0,0,1.0,0,1.0,0
716,0.0,19.0,0,0,7.65,S,1.0,0,0,1.0,0,0,1.0
717,1.0,38.0,0,0,227.525,C,0,1.0,0,0,1.0,0,0
718,1.0,27.0,0,0,10.5,S,0,0,0,1.0,0,1.0,0
719,0.0,29.7,0,0,15.5,Q,1.0,0,1.0,0,0,0,1.0
720,0.0,33.0,0,0,7.775,S,1.0,0,0,1.0,0,0,1.0
721,1.0,6.0,0,1,33.0,S,0,0,0,1.0,0,1.0,0
722,0.0,17.0,1,0,7.0542,S,1.0,0,0,1.0,0,0,1.0
723,0.0,34.0,0,0,13.0,S,1.0,0,0,1.0,0,1.0,0
724,0.0,50.0,0,0,13.0,S,1.0,0,0,1.0,0,1.0,0
725,1.0,27.0,1,0,53.1,S,1.0,0,0,1.0,1.0,0,0
726,0.0,20.0,0,0,8.6625,S,1.0,0,0,1.0,0,0,1.0
727,1.0,30.0,3,0,21.0,S,0,0,0,1.0,0,1.0,0
728,1.0,29.7,0,0,7.7375,Q,0,0,1.0,0,0,0,1.0
729,0.0,25.0,1,0,26.0,S,1.0,0,0,1.0,0,1.0,0
730,0.0,25.0,1,0,7.925,S,0,0,0,1.0,0,0,1.0
731,1.0,29.0,0,0,211.3375,S,0,0,0,1.0,1.0,0,0
732,0.0,11.0,0,0,18.7875,C,1.0,1.0,0,0,0,0,1.0
733,0.0,29.7,0,0,0.0,S,1.0,0,0,1.0,0,1.0,0
734,0.0,23.0,0,0,13.0,S,1.0,0,0,1.0,0,1.0,0
735,0.0,23.0,0,0,13.0,S,1.0,0,0,1.0,0,1.0,0
736,0.0,28.5,0,0,16.1,S,1.0,0,0,1.0,0,0,1.0
737,0.0,48.0,1,3,34.375,S,0,0,0,1.0,0,0,1.0
738,1.0,35.0,0,0,512.3292,C,1.0,1.0,0,0,1.0,0,0
739,0.0,29.7,0,0,7.8958,S,1.0,0,0,1.0,0,0,1.0
740,0.0,29.7,0,0,7.8958,S,1.0,0,0,1.0,0,0,1.0
741,1.0,29.7,0,0,30.0,S,1.0,0,0,1.0,1.0,0,0
742,0.0,36.0,1,0,78.85,S,1.0,0,0,1.0,1.0,0,0
743,1.0,21.0,2,2,262.375,C,0,1.0,0,0,1.0,0,0
744,0.0,24.0,1,0,16.1,S,1.0,0,0,1.0,0,0,1.0
745,1.0,31.0,0,0,7.925,S,1.0,0,0,1.0,0,0,1.0
746,0.0,70.0,1,1,71.0,S,1.0,0,0,1.0,1.0,0,0
747,0.0,16.0,1,1,20.25,S,1.0,0,0,1.0,0,0,1.0
748,1.0,30.0,0,0,13.0,S,0,0,0,1.0,0,1.0,0
749,0.0,19.0,1,0,53.1,S,1.0,0,0,1.0,1.0,0,0
750,0.0,31.0,0,0,7.75,Q,1.0,0,1.0,0,0,0,1.0
751,1.0,4.0,1,1,23.0,S,0,0,0,1.0,0,1.0,0
752,1.0,6.0,0,1,12.475,S,1.0,0,0,1.0,0,0,1.0
753,0.0,33.0,0,0,9.5,S,1.0,0,0,1.0,0,0,1.0
754,0.0,23.0,0,0,7.8958,S,1.0,0,0,1.0,0,0,1.0
755,1.0,48.0,1,2,65.0,S,0,0,0,1.0,0,1.0,0
756,1.0,0.67,1,1,14.5,S,1.0,0,0,1.0,0,1.0,0
757,0.0,28.0,0,0,7.7958,S,1.0,0,0,1.0,0,0,1.0
758,0.0,18.0,0,0,11.5,S,1.0,0,0,1.0,0,1.0,0
759,0.0,34.0,0,0,8.05,S,1.0,0,0,1.0,0,0,1.0
760,1.0,33.0,0,0,86.5,S,0,0,0,1.0,1.0,0,0
761,0.0,29.7,0,0,14.5,S,1.0,0,0,1.0,0,0,1.0
762,0.0,41.0,0,0,7.125,S,1.0,0,0,1.0,0,0,1.0
763,1.0,20.0,0,0,7.2292,C,1.0,1.0,0,0,0,0,1.0
764,1.0,36.0,1,2,120.0,S,0,0,0,1.0,1.0,0,0
765,0.0,16.0,0,0,7.775,S,1.0,0,0,1.0,0,0,1.0
766,1.0,51.0,1,0,77.9583,S,0,0,0,1.0,1.0,0,0
767,0.0,29.7,0,0,39.6,C,1.0,1.0,0,0,1.0,0,0
768,0.0,30.5,0,0,7.75,Q,0,0,1.0,0,0,0,1.0
769,0.0,29.7,1,0,24.15,Q,1.0,0,1.0,0,0,0,1.0
770,0.0,32.0,0,0,8.3625,S,1.0,0,0,1.0,0,0,1.0
771,0.0,24.0,0,0,9.5,S,1.0,0,0,1.0,0,0,1.0
772,0.0,48.0,0,0,7.8542,S,1.0,0,0,1.0,0,0,1.0
773,0.0,57.0,0,0,10.5,S,0,0,0,1.0,0,1.0,0
774,0.0,29.7,0,0,7.225,C,1.0,1.0,0,0,0,0,1.0
775,1.0,54.0,1,3,23.0,S,0,0,0,1.0,0,1.0,0
776,0.0,18.0,0,0,7.75,S,1.0,0,0,1.0,0,0,1.0
777,0.0,29.7,0,0,7.75,Q,1.0,0,1.0,0,0,0,1.0
778,1.0,5.0,0,0,12.475,S,0,0,0,1.0,0,0,1.0
779,0.0,29.7,0,0,7.7375,Q,1.0,0,1.0,0,0,0,1.0
780,1.0,43.0,0,1,211.3375,S,0,0,0,1.0,1.0,0,0
781,1.0,13.0,0,0,7.2292,C,0,1.0,0,0,0,0,1.0
782,1.0,17.0,1,0,57.0,S,0,0,0,1.0,1.0,0,0
783,0.0,29.0,0,0,30.0,S,1.0,0,0,1.0,1.0,0,0
784,0.0,29.7,1,2,23.45,S,1.0,0,0,1.0,0,0,1.0
785,0.0,25.0,0,0,7.05,S,1.0,0,0,1.0,0,0,1.0
786,0.0,25.0,0,0,7.25,S,1.0,0,0,1.0,0,0,1.0
787,1.0,18.0,0,0,7.4958,S,0,0,0,1.0,0,0,1.0
788,0.0,8.0,4,1,29.125,Q,1.0,0,1.0,0,0,0,1.0
789,1.0,1.0,1,2,20.575,S,1.0,0,0,1.0,0,0,1.0
790,0.0,46.0,0,0,79.2,C,1.0,1.0,0,0,1.0,0,0
791,0.0,29.7,0,0,7.75,Q,1.0,0,1.0,0,0,0,1.0
792,0.0,16.0,0,0,26.0,S,1.0,0,0,1.0,0,1.0,0
793,0.0,29.7,8,2,69.55,S,0,0,0,1.0,0,0,1.0
794,0.0,29.7,0,0,30.6958,C,1.0,1.0,0,0,1.0,0,0
795,0.0,25.0,0,0,7.8958,S,1.0,0,0,1.0,0,0,1.0
796,0.0,39.0,0,0,13.0,S,1.0,0,0,1.0,0,1.0,0
797,1.0,49.0,0,0,25.9292,S,0,0,0,1.0,1.0,0,0
798,1.0,31.0,0,0,8.6833,S,0,0,0,1.0,0,0,1.0
799,0.0,30.0,0,0,7.2292,C,1.0,1.0,0,0,0,0,1.0
800,0.0,30.0,1,1,24.15,S,0,0,0,1.0,0,0,1.0
801,0.0,34.0,0,0,13.0,S,1.0,0,0,1.0,0,1.0,0
802,1.0,31.0,1,1,26.25,S,0,0,0,1.0,0,1.0,0
803,1.0,11.0,1,2,120.0,S,1.0,0,0,1.0,1.0,0,0
804,1.0,0.42,0,1,8.5167,C,1.0,1.0,0,0,0,0,1.0
805,1.0,27.0,0,0,6.975,S,1.0,0,0,1.0,0,0,1.0
806,0.0,31.0,0,0,7.775,S,1.0,0,0,1.0,0,0,1.0
807,0.0,39.0,0,0,0.0,S,1.0,0,0,1.0,1.0,0,0
808,0.0,18.0,0,0,7.775,S,0,0,0,1.0,0,0,1.0
809,0.0,39.0,0,0,13.0,S,1.0,0,0,1.0,0,1.0,0
810,1.0,33.0,1,0,53.1,S,0,0,0,1.0,1.0,0,0
811,0.0,26.0,0,0,7.8875,S,1.0,0,0,1.0,0,0,1.0
812,0.0,39.0,0,0,24.15,S,1.0,0,0,1.0,0,0,1.0
813,0.0,35.0,0,0,10.5,S,1.0,0,0,1.0,0,1.0,0
814,0.0,6.0,4,2,31.275,S,0,0,0,1.0,0,0,1.0
815,0.0,30.5,0,0,8.05,S,1.0,0,0,1.0,0,0,1.0
816,0.0,29.7,0,0,0.0,S,1.0,0,0,1.0,1.0,0,0
817,0.0,23.0,0,0,7.925,S,0,0,0,1.0,0,0,1.0
818,0.0,31.0,1,1,37.0042,C,1.0,1.0,0,0,0,1.0,0
819,0.0,43.0,0,0,6.45,S,1.0,0,0,1.0,0,0,1.0
820,0.0,10.0,3,2,27.9,S,1.0,0,0,1.0,0,0,1.0
821,1.0,52.0,1,1,93.5,S,0,0,0,1.0,1.0,0,0
822,1.0,27.0,0,0,8.6625,S,1.0,0,0,1.0,0,0,1.0
823,0.0,38.0,0,0,0.0,S,1.0,0,0,1.0,1.0,0,0
824,1.0,27.0,0,1,12.475,S,0,0,0,1.0,0,0,1.0
825,0.0,2.0,4,1,39.6875,S,1.0,0,0,1.0,0,0,1.0
826,0.0,29.7,0,0,6.95,Q,1.0,0,1.0,0,0,0,1.0
827,0.0,29.7,0,0,56.4958,S,1.0,0,0,1.0,0,0,1.0
828,1.0,1.0,0,2,37.0042,C,1.0,1.0,0,0,0,1.0,0
829,1.0,29.7,0,0,7.75,Q,1.0,0,1.0,0,0,0,1.0
830,1.0,62.0,0,0,80.0,S,0,0,0,1.0,1.0,0,0
831,1.0,15.0,1,0,14.4542,C,0,1.0,0,0,0,0,1.0
832,1.0,0.83,1,1,18.75,S,1.0,0,0,1.0,0,1.0,0
833,0.0,29.7,0,0,7.2292,C,1.0,1.0,0,0,0,0,1.0
834,0.0,23.0,0,0,7.8542,S,1.0,0,0,1.0,0,0,1.0
835,0.0,18.0,0,0,8.3,S,1.0,0,0,1.0,0,0,1.0
836,1.0,39.0,1,1,83.1583,C,0,1.0,0,0,1.0,0,0
837,0.0,21.0,0,0,8.6625,S,1.0,0,0,1.0,0,0,1.0
838,0.0,29.7,0,0,8.05,S,1.0,0,0,1.0,0,0,1.0
839,1.0,32.0,0,0,56.4958,S,1.0,0,0,1.0,0,0,1.0
840,1.0,29.7,0,0,29.7,C,1.0,1.0,0,0,1.0,0,0
841,0.0,20.0,0,0,7.925,S,1.0,0,0,1.0,0,0,1.0
842,0.0,16.0,0,0,10.5,S,1.0,0,0,1.0,0,1.0,0
843,1.0,30.0,0,0,31.0,C,0,1.0,0,0,1.0,0,0
844,0.0,34.5,0,0,6.4375,C,1.0,1.0,0,0,0,0,1.0
845,0.0,17.0,0,0,8.6625,S,1.0,0,0,1.0,0,0,1.0
846,0.0,42.0,0,0,7.55,S,1.0,0,0,1.0,0,0,1.0
847,0.0,29.7,8,2,69.55,S,1.0,0,0,1.0,0,0,1.0
848,0.0,35.0,0,0,7.8958,C,1.0,1.0,0,0,0,0,1.0
849,0.0,28.0,0,1,33.0,S,1.0,0,0,1.0,0,1.0,0
850,1.0,29.7,1,0,89.1042,C,0,1.0,0,0,1.0,0,0
851,0.0,4.0,4,2,31.275,S,1.0,0,0,1.0,0,0,1.0
852,0.0,74.0,0,0,7.775,S,1.0,0,0,1.0,0,0,1.0
853,0.0,9.0,1,1,15.2458,C,0,1.0,0,0,0,0,1.0
854,1.0,16.0,0,1,39.4,S,0,0,0,1.0,1.0,0,0
855,0.0,44.0,1,0,26.0,S,0,0,0,1.0,0,1.0,0
856,1.0,18.0,0,1,9.35,S,0,0,0,1.0,0,0,1.0
857,1.0,45.0,1,1,164.8667,S,0,0,0,1.0,1.0,0,0
858,1.0,51.0,0,0,26.55,S,1.0,0,0,1.0,1.0,0,0
859,1.0,24.0,0,3,19.2583,C,0,1.0,0,0,0,0,1.0
860,0.0,29.7,0,0,7.2292,C,1.0,1.0,0,0,0,0,1.0
861,0.0,41.0,2,0,14.1083,S,1.0,0,0,1.0,0,0,1.0
862,0.0,21.0,1,0,11.5,S,1.0,0,0,1.0,0,1.0,0
863,1.0,48.0,0,0,25.9292,S,0,0,0,1.0,1.0,0,0
864,0.0,29.7,8,2,69.55,S,0,0,0,1.0,0,0,1.0
865,0.0,24.0,0,0,13.0,S,1.0,0,0,1.0,0,1.0,0
866,1.0,42.0,0,0,13.0,S,0,0,0,1.0,0,1.0,0
867,1.0,27.0,1,0,13.8583,C,0,1.0,0,0,0,1.0,0
868,0.0,31.0,0,0,50.4958,S,1.0,0,0,1.0,1.0,0,0
869,0.0,29.7,0,0,9.5,S,1.0,0,0,1.0,0,0,1.0
870,1.0,4.0,1,1,11.1333,S,1.0,0,0,1.0,0,0,1.0
871,0.0,26.0,0,0,7.8958,S,1.0,0,0,1.0,0,0,1.0
872,1.0,47.0,1,1,52.5542,S,0,0,0,1.0,1.0,0,0
873,0.0,33.0,0,0,5.0,S,1.0,0,0,1.0,1.0,0,0
874,0.0,47.0,0,0,9.0,S,1.0,0,0,1.0,0,0,1.0
875,1.0,28.0,1,0,24.0,C,0,1.0,0,0,0,1.0,0
876,1.0,15.0,0,0,7.225,C,0,1.0,0,0,0,0,1.0
877,0.0,20.0,0,0,9.8458,S,1.0,0,0,1.0,0,0,1.0
878,0.0,19.0,0,0,7.8958,S,1.0,0,0,1.0,0,0,1.0
879,0.0,29.7,0,0,7.8958,S,1.0,0,0,1.0,0,0,1.0
880,1.0,56.0,0,1,83.1583,C,0,1.0,0,0,1.0,0,0
881,1.0,25.0,0,1,26.0,S,0,0,0,1.0,0,1.0,0
882,0.0,33.0,0,0,7.8958,S,1.0,0,0,1.0,0,0,1.0
883,0.0,22.0,0,0,10.5167,S,0,0,0,1.0,0,0,1.0
884,0.0,28.0,0,0,10.5,S,1.0,0,0,1.0,0,1.0,0
885,0.0,25.0,0,0,7.05,S,1.0,0,0,1.0,0,0,1.0
886,0.0,39.0,0,5,29.125,Q,0,0,1.0,0,0,0,1.0
887,0.0,27.0,0,0,13.0,S,1.0,0,0,1.0,0,1.0,0
888,1.0,19.0,0,0,30.0,S,0,0,0,1.0,1.0,0,0
889,0.0,29.7,1,2,23.45,S,0,0,0,1.0,0,0,1.0
890,1.0,26.0,0,0,30.0,C,1.0,1.0,0,0,1.0,0,0
891,0.0,32.0,0,0,7.75,Q,1.0,0,1.0,0,0,0,1.0
